customer_id,segment,plan,mrr,usage_score,nps_score,support_tickets,churn_probability,churn_risk_tier
CUST_003864,Startup,Basic,49,63,71,3,0.7963157562768162,Critical
CUST_000032,Small Business,Basic,49,45,64,1,0.7518287939655965,Critical
CUST_002297,Small Business,Basic,49,30,10,5,0.6747613058889573,Critical
CUST_003238,Small Business,Basic,49,46,24,2,0.6433626729792682,Critical
CUST_002046,Startup,Basic,49,8,53,2,0.5114610633970608,Critical
CUST_002548,Mid-Market,Enterprise,999,47,30,6,0.497021607833881,High
CUST_003400,Startup,Enterprise,999,44,11,2,0.4765044855669637,High
CUST_003039,Small Business,Business,399,36,45,2,0.47221267439182857,High
CUST_000977,Mid-Market,Business,399,33,61,1,0.4695767834275705,High
CUST_000070,Small Business,Basic,49,33,-23,3,0.4628422999128215,High
CUST_004626,Startup,Professional,149,33,36,6,0.4565162343875062,High
CUST_003429,Small Business,Professional,149,44,11,4,0.453617760437986,High
CUST_000284,Small Business,Basic,49,33,25,3,0.4501670032605171,High
CUST_004788,Startup,Basic,49,42,36,2,0.4454620860840646,High
CUST_004466,Small Business,Business,399,31,13,1,0.4426452245502759,High
CUST_004200,Small Business,Business,399,21,88,4,0.435959895852576,High
CUST_003524,Startup,Basic,49,41,11,1,0.4274952747751702,High
CUST_003957,Small Business,Professional,149,19,63,3,0.42409091502086954,High
CUST_003163,Small Business,Business,399,55,-46,2,0.4236605143168537,High
CUST_003392,Startup,Basic,49,37,64,2,0.42352986198226694,High
CUST_002659,Small Business,Basic,49,43,33,2,0.42213020015178276,High
CUST_001857,Mid-Market,Basic,49,54,35,3,0.4182969450423827,High
CUST_000984,Startup,Basic,49,41,54,1,0.4179561553885466,High
CUST_000631,Small Business,Basic,49,41,8,2,0.4141922079055716,High
CUST_003247,Small Business,Basic,49,49,48,4,0.40983008114129854,High
CUST_000655,Startup,Basic,49,24,28,2,0.4069030775037464,High
CUST_004790,Startup,Basic,49,39,-5,3,0.40676472786171436,High
CUST_004318,Small Business,Enterprise,999,22,38,5,0.40649331385005866,High
CUST_003134,Startup,Enterprise,999,31,27,0,0.40351730645150174,High
CUST_004349,Small Business,Basic,49,45,41,0,0.3983073622515033,High
CUST_003103,Startup,Basic,49,30,-54,0,0.39819130991626184,High
CUST_004295,Startup,Professional,149,42,77,1,0.3965972545334272,High
CUST_002564,Mid-Market,Basic,49,24,7,2,0.39587009836057024,High
CUST_002571,Mid-Market,Basic,49,44,90,1,0.39574310270738244,High
CUST_003659,Startup,Enterprise,999,47,48,2,0.39229648351014357,High
CUST_002055,Small Business,Business,399,44,-4,0,0.39086748818422834,High
CUST_002856,Small Business,Basic,49,40,50,3,0.38846344303810676,High
CUST_003437,Startup,Basic,49,25,62,1,0.3871915398407636,High
CUST_004317,Startup,Basic,49,38,59,3,0.3866638156957924,High
CUST_004202,Enterprise,Basic,49,41,5,1,0.3845568657542966,High
CUST_001977,Startup,Basic,49,44,31,2,0.3829706867740112,High
CUST_000877,Small Business,Basic,49,40,41,3,0.38206686450657346,High
CUST_000673,Small Business,Basic,49,44,23,2,0.3813227483429267,High
CUST_001344,Startup,Basic,49,36,95,3,0.3797706416845417,High
CUST_002661,Startup,Business,399,44,26,3,0.37705058257509205,High
CUST_003303,Small Business,Basic,49,35,63,3,0.37565822372886304,High
CUST_003101,Small Business,Business,399,42,16,5,0.3754992562768444,High
CUST_000635,Small Business,Business,399,38,92,2,0.3744285956733165,High
CUST_000823,Startup,Business,399,41,31,1,0.3743398200417621,High
CUST_000724,Small Business,Enterprise,999,49,80,0,0.3689142674803527,High
CUST_003903,Small Business,Basic,49,51,2,3,0.36885001706387055,High
CUST_002823,Small Business,Basic,49,39,41,1,0.36843796613365987,High
CUST_004005,Small Business,Basic,49,42,2,3,0.3672211299497586,High
CUST_003356,Mid-Market,Business,399,100,-7,4,0.3662817982652322,High
CUST_003793,Startup,Business,399,47,39,0,0.36581944697506447,High
CUST_002536,Small Business,Enterprise,999,44,73,2,0.3657585457548071,High
CUST_004517,Small Business,Basic,49,43,1,2,0.36565676092806004,High
CUST_004123,Small Business,Basic,49,40,-9,2,0.36233289626853526,High
CUST_001359,Small Business,Basic,49,53,62,4,0.3622148879567876,High
CUST_001200,Mid-Market,Basic,49,13,33,2,0.3609848242552385,High
CUST_001170,Mid-Market,Basic,49,43,-39,3,0.36048368915932893,High
CUST_000781,Startup,Basic,49,44,5,2,0.35935258309953316,High
CUST_003640,Small Business,Basic,49,37,44,1,0.3573457534777039,High
CUST_001668,Mid-Market,Business,399,41,-6,3,0.3571866385701609,High
CUST_001809,Startup,Basic,49,44,67,3,0.35672687772969297,High
CUST_004650,Startup,Basic,49,20,43,2,0.3554062423485191,High
CUST_004388,Startup,Basic,49,44,-11,3,0.35338347026846234,High
CUST_002546,Startup,Basic,49,39,64,3,0.3528294927082928,High
CUST_004804,Startup,Basic,49,41,100,1,0.35263406362422023,High
CUST_001436,Mid-Market,Professional,149,42,30,3,0.34938960330004754,High
CUST_000696,Mid-Market,Basic,49,28,66,2,0.34901554313583016,High
CUST_000286,Mid-Market,Professional,149,57,35,3,0.348660447031141,High
CUST_004565,Small Business,Basic,49,27,60,6,0.3483060654441749,High
CUST_004843,Mid-Market,Basic,49,21,-10,4,0.3467180820318489,High
CUST_001866,Mid-Market,Basic,49,7,98,2,0.3462880444597754,High
CUST_002926,Small Business,Basic,49,37,25,4,0.34551477639235467,High
CUST_003509,Enterprise,Professional,149,41,18,1,0.34522301180726567,High
CUST_002891,Mid-Market,Basic,49,40,-95,2,0.34120276850074893,High
CUST_003971,Small Business,Basic,49,35,23,2,0.34107357702410673,High
CUST_001517,Small Business,Basic,49,27,78,2,0.3410004790538011,High
CUST_000867,Small Business,Professional,149,42,23,3,0.34076473876275376,High
CUST_002902,Small Business,Basic,49,63,-21,2,0.34043196952375454,High
CUST_000114,Mid-Market,Basic,49,36,70,1,0.3397362481256086,High
CUST_000295,Mid-Market,Basic,49,32,63,6,0.33934523181819704,High
CUST_000517,Small Business,Professional,149,41,16,1,0.33859804580569186,High
CUST_001017,Mid-Market,Basic,49,26,81,4,0.33832377902582556,High
CUST_003284,Startup,Basic,49,33,23,1,0.33811125553887195,High
CUST_001552,Small Business,Basic,49,42,-25,4,0.3374918692363411,High
CUST_002109,Small Business,Basic,49,40,28,0,0.33715199533542406,High
CUST_000580,Small Business,Basic,49,39,-16,0,0.3371452326923999,High
CUST_003893,Mid-Market,Basic,49,43,10,0,0.33709164595408087,High
CUST_003858,Startup,Basic,49,45,85,3,0.3366545922328109,High
CUST_004168,Small Business,Professional,149,44,-29,3,0.33655903342295873,High
CUST_004677,Startup,Business,399,55,31,2,0.3364605708089571,High
CUST_003627,Small Business,Basic,49,64,36,1,0.3351281003851444,High
CUST_003443,Startup,Basic,49,42,-12,1,0.33479346020807704,High
CUST_004458,Mid-Market,Business,399,43,57,4,0.3339895557457501,High
CUST_004044,Startup,Basic,49,53,-15,0,0.3324951899056293,High
CUST_004584,Enterprise,Basic,49,34,22,5,0.3317580398574552,High
CUST_003733,Small Business,Basic,49,44,64,2,0.33144975314445274,High
CUST_000428,Startup,Basic,49,40,85,2,0.3311267845793359,High
CUST_000117,Mid-Market,Business,399,42,11,2,0.33075508435738293,High
CUST_004327,Small Business,Business,399,48,-16,1,0.3258773732397307,High
CUST_001453,Small Business,Basic,49,42,25,4,0.3255236082820937,High
CUST_004077,Small Business,Basic,49,36,33,1,0.32509136291492324,High
CUST_001855,Small Business,Basic,49,27,7,1,0.32494493037515637,High
CUST_001935,Enterprise,Basic,49,31,17,0,0.3246449040184493,High
CUST_000422,Mid-Market,Basic,49,34,97,3,0.3236804283878933,High
CUST_002741,Small Business,Basic,49,28,38,0,0.3225458699766262,High
CUST_002242,Startup,Business,399,39,46,1,0.32227900477483057,High
CUST_002286,Small Business,Basic,49,41,57,2,0.32173410673651354,High
CUST_000005,Startup,Business,399,55,100,0,0.3215583549693227,High
CUST_004775,Small Business,Basic,49,24,88,0,0.3211711454468389,High
CUST_004076,Small Business,Professional,149,79,41,2,0.3209380048053141,High
CUST_003854,Small Business,Basic,49,58,42,2,0.3207206615547285,High
CUST_001554,Enterprise,Business,399,48,0,6,0.3205974412055366,High
CUST_001571,Mid-Market,Basic,49,43,53,0,0.32045847278924156,High
CUST_001114,Small Business,Basic,49,44,47,2,0.3202737431881136,High
CUST_003934,Small Business,Business,399,64,50,3,0.32013652900422856,High
CUST_003983,Startup,Business,399,36,88,2,0.3192667684619307,High
CUST_002238,Mid-Market,Business,399,62,50,2,0.318536733378485,High
CUST_001195,Mid-Market,Basic,49,33,47,2,0.31687585967684656,High
CUST_000931,Small Business,Professional,149,42,1,1,0.3161036287739035,High
CUST_000770,Startup,Basic,49,40,45,2,0.3157707725376393,High
CUST_000839,Small Business,Business,399,58,-55,2,0.3155124458857313,High
CUST_000153,Small Business,Basic,49,73,25,1,0.3153860063177519,High
CUST_001166,Small Business,Basic,49,39,5,4,0.31488466992603426,High
CUST_003626,Small Business,Business,399,55,76,2,0.3147197957453547,High
CUST_001728,Small Business,Professional,149,32,73,3,0.31447304909161544,High
CUST_001807,Startup,Professional,149,41,26,3,0.31433910913005997,High
CUST_003394,Mid-Market,Business,399,62,53,3,0.3141751788048443,High
CUST_000346,Startup,Professional,149,44,29,4,0.3137603351769292,High
CUST_001190,Small Business,Business,399,43,-33,1,0.3135861359129442,High
CUST_001983,Startup,Basic,49,34,-44,3,0.313405805384618,High
CUST_002883,Startup,Professional,149,32,0,4,0.3125711513021082,High
CUST_003540,Startup,Professional,149,43,54,1,0.31063809942021686,High
CUST_004263,Startup,Basic,49,43,21,1,0.3101923656600645,High
CUST_004722,Enterprise,Professional,149,46,-43,4,0.30983218484305824,High
CUST_003045,Small Business,Enterprise,999,23,13,2,0.30932887604278747,High
CUST_001256,Mid-Market,Professional,149,53,4,1,0.3092434239827009,High
CUST_000986,Small Business,Basic,49,42,44,2,0.3083463558607936,High
CUST_002683,Small Business,Business,399,42,40,4,0.3076072212235014,High
CUST_000511,Small Business,Business,399,57,72,0,0.3073516233598409,High
CUST_000598,Startup,Basic,49,30,-12,2,0.3070259398058887,High
CUST_000146,Enterprise,Basic,49,100,-45,3,0.3067874792393243,High
CUST_003970,Mid-Market,Business,399,47,5,1,0.3067750463549259,High
CUST_000297,Small Business,Business,399,25,46,3,0.30532411317089597,High
CUST_004161,Mid-Market,Basic,49,44,52,2,0.3049224620503223,High
CUST_001213,Enterprise,Professional,149,13,62,3,0.3048377261722674,High
CUST_001694,Mid-Market,Business,399,49,65,4,0.30443703353660306,High
CUST_000617,Enterprise,Business,399,55,14,1,0.3039212593402066,High
CUST_002473,Small Business,Basic,49,49,79,2,0.30382407303952397,High
CUST_003921,Small Business,Basic,49,38,7,0,0.30341537568972016,High
CUST_003501,Mid-Market,Business,399,47,100,3,0.3005951197561116,High
CUST_003193,Startup,Basic,49,51,-49,2,0.30035476039612946,High
CUST_002244,Startup,Enterprise,999,53,24,2,0.3001096918266451,High
CUST_004181,Startup,Business,399,49,18,1,0.2999688976307329,Medium
CUST_001789,Startup,Business,399,55,20,6,0.298861274200514,Medium
CUST_003211,Startup,Business,399,38,-4,1,0.29787550272481955,Medium
CUST_002796,Small Business,Business,399,50,1,1,0.29703314731065666,Medium
CUST_001729,Small Business,Basic,49,68,92,2,0.2958460347671557,Medium
CUST_004195,Small Business,Professional,149,44,8,3,0.29528971182559277,Medium
CUST_000400,Small Business,Basic,49,42,48,1,0.29304747268532505,Medium
CUST_000189,Mid-Market,Professional,149,31,13,3,0.2926533811049676,Medium
CUST_002138,Enterprise,Business,399,43,39,3,0.2922235813803358,Medium
CUST_000756,Mid-Market,Professional,149,37,73,3,0.29113275685964835,Medium
CUST_003073,Mid-Market,Basic,49,39,29,2,0.29111226784689637,Medium
CUST_002332,Small Business,Professional,149,43,82,0,0.2908452440153135,Medium
CUST_003385,Startup,Basic,49,38,29,1,0.29080044043524783,Medium
CUST_000195,Mid-Market,Professional,149,42,14,1,0.290688345683087,Medium
CUST_004972,Small Business,Business,399,44,15,2,0.29007353400327035,Medium
CUST_000498,Mid-Market,Basic,49,44,46,1,0.289958815231687,Medium
CUST_000071,Mid-Market,Basic,49,28,51,0,0.28995097920738533,Medium
CUST_000460,Startup,Basic,49,31,27,1,0.28964273843572647,Medium
CUST_000236,Small Business,Enterprise,999,24,-10,2,0.2892474319428442,Medium
CUST_004207,Small Business,Basic,49,29,49,1,0.289171384638013,Medium
CUST_000332,Startup,Professional,149,23,59,4,0.2888277325577221,Medium
CUST_002407,Mid-Market,Basic,49,53,39,3,0.288620684398898,Medium
CUST_000535,Mid-Market,Business,399,63,-37,2,0.2880532010264885,Medium
CUST_003228,Mid-Market,Basic,49,36,44,2,0.2879907436723901,Medium
CUST_003696,Startup,Business,399,32,-52,3,0.2878333153295877,Medium
CUST_001570,Startup,Business,399,51,93,1,0.2868769010092315,Medium
CUST_002024,Mid-Market,Professional,149,55,36,1,0.28685929512477376,Medium
CUST_002142,Small Business,Professional,149,34,0,4,0.2866313393842348,Medium
CUST_000192,Startup,Enterprise,999,55,-8,5,0.2859919631316533,Medium
CUST_000749,Mid-Market,Business,399,38,-44,2,0.2859853123973187,Medium
CUST_002388,Startup,Professional,149,43,75,5,0.2856485012425978,Medium
CUST_002532,Startup,Professional,149,44,-5,3,0.2855983977439503,Medium
CUST_001549,Mid-Market,Business,399,34,32,3,0.2853912654876177,Medium
CUST_000139,Enterprise,Business,399,49,17,5,0.28493982118060907,Medium
CUST_003483,Small Business,Business,399,62,-12,0,0.284630082070668,Medium
CUST_004867,Mid-Market,Professional,149,25,24,1,0.28421748052393053,Medium
CUST_001563,Mid-Market,Basic,49,38,-32,0,0.28329304284805934,Medium
CUST_004757,Startup,Professional,149,44,-4,1,0.28313199539704464,Medium
CUST_001198,Mid-Market,Professional,149,53,27,2,0.28251697920346674,Medium
CUST_003624,Startup,Professional,149,43,-10,2,0.28202369274559685,Medium
CUST_002043,Small Business,Professional,149,42,5,1,0.2819439086972795,Medium
CUST_002092,Small Business,Professional,149,41,61,3,0.2819299130950203,Medium
CUST_004994,Small Business,Professional,149,26,-26,3,0.28129892809853657,Medium
CUST_002421,Mid-Market,Basic,49,45,-10,3,0.28120494812756525,Medium
CUST_001886,Small Business,Basic,49,46,26,1,0.2810942305049434,Medium
CUST_001162,Mid-Market,Basic,49,50,19,2,0.2803489540100425,Medium
CUST_003459,Small Business,Basic,49,41,77,0,0.27931431235367615,Medium
CUST_000919,Startup,Professional,149,28,10,3,0.27907109319339957,Medium
CUST_000576,Startup,Basic,49,35,69,2,0.2790349505434866,Medium
CUST_004323,Mid-Market,Professional,149,44,33,2,0.2781218786528323,Medium
CUST_004840,Startup,Basic,49,45,23,1,0.2778305666319489,Medium
CUST_004193,Startup,Professional,149,15,32,4,0.2768560324564035,Medium
CUST_002114,Startup,Professional,149,26,18,1,0.2767105808812021,Medium
CUST_001083,Small Business,Professional,149,45,42,3,0.2766798723339674,Medium
CUST_003952,Small Business,Professional,149,38,30,3,0.27563439149095276,Medium
CUST_002249,Mid-Market,Basic,49,62,13,3,0.2752342120260427,Medium
CUST_003868,Startup,Professional,149,61,-54,2,0.27506014744458795,Medium
CUST_003849,Small Business,Professional,149,28,55,3,0.2748338885039825,Medium
CUST_000956,Small Business,Basic,49,28,-28,1,0.274674206781661,Medium
CUST_002896,Small Business,Professional,149,56,-49,2,0.2744069955587338,Medium
CUST_002294,Small Business,Professional,149,43,37,2,0.2733895749596266,Medium
CUST_002391,Small Business,Professional,149,24,57,1,0.27260814582629256,Medium
CUST_003426,Small Business,Business,399,48,96,3,0.27246624286264276,Medium
CUST_000588,Startup,Basic,49,47,48,5,0.27240866437429273,Medium
CUST_003265,Enterprise,Basic,49,60,-48,7,0.2722609577831857,Medium
CUST_002098,Enterprise,Basic,49,27,61,1,0.27221578035621613,Medium
CUST_004906,Enterprise,Basic,49,49,22,5,0.2717948874984668,Medium
CUST_004644,Startup,Basic,49,69,9,3,0.27174324995040855,Medium
CUST_002731,Small Business,Professional,149,40,-26,3,0.2709752582993508,Medium
CUST_004845,Mid-Market,Basic,49,39,45,0,0.27084831690403366,Medium
CUST_000463,Mid-Market,Business,399,34,22,3,0.2706447264979888,Medium
CUST_004678,Small Business,Business,399,20,16,0,0.2703796501281597,Medium
CUST_002180,Small Business,Basic,49,56,33,0,0.2701466920778145,Medium
CUST_002588,Small Business,Basic,49,17,-27,2,0.2697124560987326,Medium
CUST_000169,Small Business,Basic,49,47,34,1,0.2683837085593341,Medium
CUST_003409,Startup,Business,399,33,18,1,0.2682099491085218,Medium
CUST_000827,Startup,Basic,49,43,52,0,0.2680210701244925,Medium
CUST_003107,Small Business,Basic,49,53,49,3,0.26780744170650234,Medium
CUST_004226,Mid-Market,Basic,49,45,48,2,0.26751742490384045,Medium
CUST_003635,Mid-Market,Basic,49,61,74,5,0.26685885082149763,Medium
CUST_004675,Startup,Basic,49,51,-18,2,0.26630133169219133,Medium
CUST_001479,Small Business,Basic,49,44,-30,2,0.26601035891524044,Medium
CUST_004149,Startup,Professional,149,33,27,5,0.26532871182535817,Medium
CUST_000350,Small Business,Business,399,38,47,2,0.2650845651510664,Medium
CUST_004538,Enterprise,Basic,49,40,12,1,0.26450083704671384,Medium
CUST_003263,Startup,Basic,49,42,23,1,0.26445537750219367,Medium
CUST_003020,Mid-Market,Basic,49,45,50,0,0.26442783637862655,Medium
CUST_002699,Mid-Market,Basic,49,50,44,2,0.2641795424159188,Medium
CUST_002184,Startup,Professional,149,35,53,3,0.26397771442638146,Medium
CUST_002167,Small Business,Professional,149,39,9,2,0.263807665558044,Medium
CUST_002405,Startup,Professional,149,30,-28,1,0.26378190546365443,Medium
CUST_001132,Enterprise,Basic,49,40,-26,3,0.26317356286681465,Medium
CUST_000395,Enterprise,Professional,149,49,49,1,0.26269924342672096,Medium
CUST_004628,Small Business,Professional,149,31,19,2,0.2624375894920887,Medium
CUST_001842,Startup,Basic,49,52,24,2,0.26210155935419593,Medium
CUST_000973,Enterprise,Business,399,57,26,2,0.26203643606768684,Medium
CUST_000914,Mid-Market,Business,399,41,38,2,0.2616900003394868,Medium
CUST_001142,Mid-Market,Basic,49,36,-19,1,0.26165614027417916,Medium
CUST_002042,Small Business,Basic,49,28,66,2,0.26104512284964565,Medium
CUST_002638,Mid-Market,Basic,49,47,8,3,0.2610378589233239,Medium
CUST_004206,Mid-Market,Enterprise,999,72,-27,4,0.2608146212828203,Medium
CUST_002991,Mid-Market,Basic,49,54,59,2,0.260649353328329,Medium
CUST_001845,Small Business,Professional,149,51,-41,0,0.2601453853138197,Medium
CUST_004713,Mid-Market,Basic,49,28,-52,0,0.2600546412561868,Medium
CUST_001108,Small Business,Professional,149,76,-33,1,0.25981309169544786,Medium
CUST_000041,Enterprise,Basic,49,52,70,3,0.2589587981352509,Medium
CUST_001581,Small Business,Professional,149,38,44,0,0.25879420585707913,Medium
CUST_002342,Small Business,Enterprise,999,21,53,3,0.2587442575720352,Medium
CUST_001250,Small Business,Basic,49,24,35,4,0.2586588207682124,Medium
CUST_002106,Enterprise,Basic,49,47,82,1,0.2585898254421114,Medium
CUST_000561,Startup,Basic,49,53,0,3,0.2585281762699476,Medium
CUST_002730,Small Business,Basic,49,60,73,5,0.25807517495034893,Medium
CUST_000049,Small Business,Enterprise,999,33,34,3,0.2580738132393533,Medium
CUST_002866,Mid-Market,Basic,49,51,50,2,0.25788697250425197,Medium
CUST_003475,Enterprise,Basic,49,78,0,2,0.2578158763245572,Medium
CUST_001820,Enterprise,Professional,149,66,61,2,0.2577156791589672,Medium
CUST_001910,Startup,Business,399,54,-26,1,0.2575373813753267,Medium
CUST_003136,Small Business,Business,399,40,76,0,0.25687404995450014,Medium
CUST_001308,Startup,Business,399,19,8,2,0.2567450305058936,Medium
CUST_000782,Small Business,Basic,49,0,16,3,0.25627490604086267,Medium
CUST_004858,Mid-Market,Business,399,45,60,4,0.2559892836071104,Medium
CUST_000915,Small Business,Basic,49,55,19,1,0.25583668293212425,Medium
CUST_001031,Small Business,Basic,49,53,60,3,0.2546809294358654,Medium
CUST_004015,Startup,Professional,149,38,38,1,0.2541232793801211,Medium
CUST_003377,Mid-Market,Basic,49,49,29,1,0.2539880401849066,Medium
CUST_004430,Small Business,Basic,49,53,-29,4,0.25373010474374136,Medium
CUST_003022,Startup,Business,399,40,85,1,0.2536210138475544,Medium
CUST_001081,Small Business,Professional,149,44,44,4,0.2532968175997724,Medium
CUST_000882,Mid-Market,Basic,49,49,3,1,0.2532439202766662,Medium
CUST_002552,Small Business,Enterprise,999,39,43,3,0.25322311942752873,Medium
CUST_003954,Small Business,Basic,49,50,-15,2,0.2530625931174926,Medium
CUST_000543,Mid-Market,Enterprise,999,43,31,3,0.2529553273872004,Medium
CUST_002949,Startup,Professional,149,44,-5,1,0.2528334953638843,Medium
CUST_003591,Small Business,Enterprise,999,53,40,0,0.25268947664089103,Medium
CUST_004745,Small Business,Basic,49,56,74,1,0.2526154135442047,Medium
CUST_002120,Startup,Basic,49,47,0,1,0.2525980480164136,Medium
CUST_002678,Small Business,Business,399,61,0,2,0.2520575186313455,Medium
CUST_002302,Small Business,Professional,149,29,10,4,0.2520552564853454,Medium
CUST_000319,Mid-Market,Basic,49,72,-47,1,0.2520219110944869,Medium
CUST_003636,Small Business,Professional,149,25,-18,1,0.2517893584165125,Medium
CUST_000342,Mid-Market,Basic,49,61,24,2,0.25149341451879176,Medium
CUST_001949,Mid-Market,Basic,49,53,-12,5,0.250958155454244,Medium
CUST_000148,Mid-Market,Basic,49,58,-3,2,0.25086149082321957,Medium
CUST_004363,Small Business,Basic,49,51,69,4,0.2508200956448896,Medium
CUST_004135,Startup,Enterprise,999,37,46,2,0.2503782758749672,Medium
CUST_000786,Mid-Market,Basic,49,48,44,1,0.25030119268820844,Medium
CUST_000483,Startup,Business,399,47,62,1,0.24965323360174935,Medium
CUST_003096,Small Business,Basic,49,52,26,2,0.24964163170195475,Medium
CUST_004560,Mid-Market,Basic,49,45,18,3,0.24956450764302784,Medium
CUST_000305,Small Business,Business,399,25,33,0,0.24896700426054408,Medium
CUST_001613,Mid-Market,Business,399,42,30,2,0.24885593519175148,Medium
CUST_001877,Mid-Market,Enterprise,999,60,32,0,0.24834581123432872,Medium
CUST_000439,Small Business,Business,399,49,-13,1,0.24741557380998502,Medium
CUST_004081,Small Business,Business,399,44,7,1,0.24736433681611694,Medium
CUST_004521,Startup,Basic,49,48,-38,1,0.246893545163071,Medium
CUST_002014,Mid-Market,Basic,49,18,-35,1,0.24660519173654077,Medium
CUST_003100,Mid-Market,Basic,49,64,2,4,0.24658433660791915,Medium
CUST_002975,Startup,Basic,49,44,3,2,0.2462348346674522,Medium
CUST_004385,Mid-Market,Professional,149,20,42,2,0.24536162701566433,Medium
CUST_001973,Startup,Professional,149,46,-6,2,0.24535774977310612,Medium
CUST_001095,Mid-Market,Basic,49,52,-26,1,0.2447954382572534,Medium
CUST_001078,Enterprise,Business,399,47,-12,5,0.24478079803831937,Medium
CUST_002339,Small Business,Enterprise,999,36,29,3,0.24471576284929447,Medium
CUST_002462,Enterprise,Business,399,62,49,3,0.24464105312969234,Medium
CUST_001022,Mid-Market,Basic,49,50,74,0,0.24429353273183455,Medium
CUST_004578,Mid-Market,Basic,49,50,6,0,0.24425424018205963,Medium
CUST_001548,Startup,Professional,149,53,100,2,0.24422140024796937,Medium
CUST_001369,Small Business,Professional,149,50,27,3,0.24392383771311013,Medium
CUST_001010,Small Business,Basic,49,47,38,3,0.24330417565703777,Medium
CUST_002912,Small Business,Professional,149,40,96,1,0.24298948955966987,Medium
CUST_004982,Mid-Market,Business,399,42,1,4,0.2428607004747281,Medium
CUST_004631,Startup,Basic,49,54,47,3,0.2426211849387029,Medium
CUST_004690,Startup,Business,399,30,18,4,0.2421934251479815,Medium
CUST_002748,Small Business,Basic,49,60,-19,1,0.24186807930607523,Medium
CUST_001005,Enterprise,Enterprise,999,42,2,1,0.24118964087655842,Medium
CUST_003080,Enterprise,Basic,49,60,35,2,0.24072307826069914,Medium
CUST_002933,Small Business,Business,399,42,94,2,0.24014918266039598,Medium
CUST_004474,Startup,Business,399,57,3,2,0.23978645480620836,Medium
CUST_003687,Small Business,Basic,49,43,21,2,0.2396317844727036,Medium
CUST_000917,Mid-Market,Enterprise,999,44,-25,5,0.23937996225626024,Medium
CUST_001641,Mid-Market,Business,399,59,89,0,0.23926135711999957,Medium
CUST_001338,Enterprise,Business,399,47,-10,0,0.2390553412669947,Medium
CUST_003718,Mid-Market,Professional,149,24,40,0,0.23901839096464467,Medium
CUST_000377,Mid-Market,Professional,149,61,61,2,0.23885459858806332,Medium
CUST_002246,Enterprise,Basic,49,35,-29,2,0.23868738095400013,Medium
CUST_004438,Startup,Basic,49,35,27,2,0.23861416743350763,Medium
CUST_002240,Small Business,Business,399,37,-16,4,0.23847529263391554,Medium
CUST_002077,Startup,Business,399,48,-57,3,0.23833436898844537,Medium
CUST_004600,Mid-Market,Professional,149,46,28,2,0.23831815088619981,Medium
CUST_003175,Small Business,Basic,49,54,29,1,0.23821700815805213,Medium
CUST_004377,Mid-Market,Basic,49,48,90,3,0.2382012466121577,Medium
CUST_003407,Small Business,Professional,149,39,48,2,0.23784174821285262,Medium
CUST_004550,Mid-Market,Basic,49,66,7,0,0.23722153347168712,Medium
CUST_000610,Mid-Market,Basic,49,28,-18,3,0.23704892440115502,Medium
CUST_003823,Small Business,Basic,49,53,67,3,0.23690823698621177,Medium
CUST_003838,Small Business,Professional,149,40,58,1,0.23662452247936547,Medium
CUST_004339,Mid-Market,Professional,149,52,100,2,0.2366021883574203,Medium
CUST_001387,Mid-Market,Business,399,48,39,5,0.23621617643924775,Medium
CUST_001021,Mid-Market,Business,399,21,50,1,0.2357772279309034,Medium
CUST_004937,Small Business,Enterprise,999,43,16,2,0.23573223977200783,Medium
CUST_001203,Mid-Market,Professional,149,23,21,2,0.2354239852602898,Medium
CUST_000743,Mid-Market,Basic,49,50,45,3,0.2353993860349468,Medium
CUST_002312,Mid-Market,Professional,149,50,50,1,0.23519362674091204,Medium
CUST_003200,Mid-Market,Basic,49,59,37,2,0.23509467572977433,Medium
CUST_000846,Small Business,Professional,149,64,45,4,0.2349849023394909,Medium
CUST_000525,Small Business,Basic,49,51,36,3,0.2346522548244078,Medium
CUST_002270,Mid-Market,Basic,49,49,-10,2,0.2344654929795061,Medium
CUST_000779,Small Business,Business,399,49,-37,3,0.23371537545793203,Medium
CUST_000156,Mid-Market,Basic,49,42,71,1,0.23368079421424087,Medium
CUST_000809,Small Business,Professional,149,41,9,0,0.23363551438448954,Medium
CUST_001185,Small Business,Business,399,33,64,0,0.23303434663537237,Medium
CUST_002602,Mid-Market,Basic,49,51,-15,3,0.2328554683102459,Medium
CUST_003987,Small Business,Basic,49,56,35,0,0.2328052688919742,Medium
CUST_000883,Mid-Market,Basic,49,56,-7,2,0.23279367472596227,Medium
CUST_002808,Small Business,Basic,49,63,81,1,0.23254091972320115,Medium
CUST_004537,Small Business,Business,399,49,29,4,0.2320965071938632,Medium
CUST_002515,Small Business,Basic,49,49,48,1,0.2317926894148978,Medium
CUST_004151,Small Business,Basic,49,47,27,1,0.23130656467744223,Medium
CUST_004333,Startup,Basic,49,54,-29,2,0.23120603076067844,Medium
CUST_003431,Small Business,Enterprise,999,65,14,4,0.23110401069998582,Medium
CUST_000061,Startup,Basic,49,63,7,4,0.23089045697288232,Medium
CUST_003380,Enterprise,Professional,149,64,100,5,0.23056360657062697,Medium
CUST_004398,Startup,Business,399,39,-5,3,0.2303926147188049,Medium
CUST_002859,Enterprise,Basic,49,51,80,2,0.2302193407078091,Medium
CUST_003681,Small Business,Basic,49,48,19,2,0.22989764455097325,Medium
CUST_004134,Small Business,Professional,149,48,68,2,0.22985399416451768,Medium
CUST_004803,Enterprise,Professional,149,32,32,2,0.2297917122389968,Medium
CUST_003014,Mid-Market,Basic,49,62,-13,2,0.22960711947788903,Medium
CUST_004844,Small Business,Professional,149,50,20,4,0.22940477243759622,Medium
CUST_000816,Small Business,Basic,49,61,85,2,0.2291362145165819,Medium
CUST_002893,Mid-Market,Enterprise,999,47,53,0,0.22884527517757916,Medium
CUST_001357,Startup,Business,399,53,29,1,0.22872775753241814,Medium
CUST_003125,Small Business,Enterprise,999,48,-18,0,0.2285850442071566,Medium
CUST_004885,Mid-Market,Basic,49,64,58,1,0.22832009057388056,Medium
CUST_001787,Startup,Business,399,38,10,5,0.22830704813145672,Medium
CUST_001676,Small Business,Business,399,65,80,2,0.2282346922910869,Medium
CUST_004444,Startup,Basic,49,66,6,1,0.2281117541053243,Medium
CUST_003558,Mid-Market,Professional,149,54,11,2,0.22809121611601998,Medium
CUST_002036,Small Business,Business,399,84,-55,0,0.22768037120175813,Medium
CUST_001817,Mid-Market,Professional,149,17,47,3,0.22724782022324955,Medium
CUST_000204,Small Business,Basic,49,51,67,1,0.22703904348705486,Medium
CUST_002874,Mid-Market,Professional,149,79,83,1,0.2270341992826904,Medium
CUST_002566,Mid-Market,Basic,49,39,70,2,0.22674564710839934,Medium
CUST_000537,Startup,Basic,49,56,100,8,0.22662419919469218,Medium
CUST_004204,Enterprise,Professional,149,47,66,3,0.22635702913494024,Medium
CUST_001619,Mid-Market,Professional,149,66,14,1,0.22631343333517967,Medium
CUST_002790,Mid-Market,Business,399,47,60,5,0.22615456479256474,Medium
CUST_002792,Mid-Market,Basic,49,52,40,4,0.22607817439865316,Medium
CUST_004543,Mid-Market,Professional,149,17,34,3,0.22598420772606553,Medium
CUST_002627,Mid-Market,Basic,49,65,20,2,0.22584337984370484,Medium
CUST_003963,Enterprise,Business,399,72,40,0,0.22537531453870463,Medium
CUST_002607,Enterprise,Professional,149,49,14,2,0.22504084539686503,Medium
CUST_001486,Small Business,Business,399,60,49,2,0.22478676585470594,Medium
CUST_000555,Small Business,Basic,49,46,48,1,0.2246832752940519,Medium
CUST_001672,Startup,Basic,49,38,47,1,0.22464695427846942,Medium
CUST_001861,Mid-Market,Basic,49,62,42,0,0.22460364370815566,Medium
CUST_001459,Mid-Market,Basic,49,45,44,0,0.2245900058981859,Medium
CUST_003705,Small Business,Professional,149,53,-78,3,0.2245546131556294,Medium
CUST_003070,Small Business,Basic,49,59,7,2,0.22448283989681656,Medium
CUST_004658,Mid-Market,Enterprise,999,42,54,0,0.2244431404406881,Medium
CUST_002336,Mid-Market,Professional,149,41,-48,1,0.22439590341752186,Medium
CUST_000042,Startup,Professional,149,54,58,2,0.22411487677952147,Medium
CUST_004223,Startup,Basic,49,45,-21,2,0.2240724968590301,Medium
CUST_004515,Enterprise,Business,399,45,17,1,0.22400478039355706,Medium
CUST_002783,Startup,Enterprise,999,45,37,1,0.2237165158578326,Medium
CUST_003145,Mid-Market,Basic,49,52,-10,3,0.22353497387220186,Medium
CUST_004823,Mid-Market,Enterprise,999,44,18,2,0.22340346972885938,Medium
CUST_003602,Startup,Professional,149,29,23,3,0.22339487494617674,Medium
CUST_002916,Mid-Market,Business,399,61,-10,0,0.2233332013386147,Medium
CUST_001747,Mid-Market,Professional,149,33,41,1,0.2232481994577728,Medium
CUST_000288,Enterprise,Business,399,65,44,4,0.2229678824752815,Medium
CUST_003637,Enterprise,Professional,149,52,31,4,0.22273233269887735,Medium
CUST_002899,Small Business,Professional,149,40,71,1,0.22270152412757552,Medium
CUST_004420,Startup,Business,399,53,12,2,0.22239466266032518,Medium
CUST_003499,Small Business,Professional,149,48,-37,5,0.22224300117669107,Medium
CUST_000879,Mid-Market,Basic,49,48,54,2,0.22200404059774875,Medium
CUST_002569,Mid-Market,Basic,49,51,26,0,0.22195564746444718,Medium
CUST_002666,Mid-Market,Basic,49,46,58,1,0.22164245314354805,Medium
CUST_004007,Startup,Business,399,39,15,1,0.221547242118472,Medium
CUST_000519,Small Business,Business,399,43,83,3,0.22148502160133307,Medium
CUST_002369,Startup,Business,399,66,49,0,0.22138705595363736,Medium
CUST_002305,Mid-Market,Enterprise,999,55,42,0,0.2213350501267947,Medium
CUST_002561,Mid-Market,Professional,149,50,64,2,0.22129052577829555,Medium
CUST_003576,Small Business,Basic,49,47,21,5,0.2211083506756869,Medium
CUST_000479,Mid-Market,Basic,49,64,50,2,0.22099703448904534,Medium
CUST_004901,Enterprise,Business,399,57,79,3,0.22085194010869938,Medium
CUST_004609,Small Business,Enterprise,999,41,-16,2,0.2205040913116046,Medium
CUST_004524,Mid-Market,Business,399,64,52,2,0.21997571805320515,Medium
CUST_004328,Small Business,Professional,149,53,34,4,0.21991882621119407,Medium
CUST_004344,Small Business,Basic,49,49,49,1,0.21986099136993925,Medium
CUST_001795,Small Business,Basic,49,55,23,4,0.21968995650885795,Medium
CUST_004512,Small Business,Basic,49,54,37,0,0.21937275619485358,Medium
CUST_003775,Mid-Market,Basic,49,46,43,1,0.2193625094868204,Medium
CUST_003982,Mid-Market,Basic,49,57,24,0,0.21930555812553573,Medium
CUST_002877,Startup,Business,399,29,-32,7,0.2191598590952887,Medium
CUST_004010,Small Business,Basic,49,58,50,3,0.21912490404384785,Medium
CUST_004766,Small Business,Business,399,54,36,3,0.21835167821485965,Medium
CUST_004680,Mid-Market,Business,399,43,41,2,0.21830263266386574,Medium
CUST_001885,Enterprise,Basic,49,42,60,0,0.21815291051931465,Medium
CUST_003258,Startup,Business,399,45,44,2,0.21814713020641915,Medium
CUST_004050,Mid-Market,Basic,49,69,68,0,0.21808639110699343,Medium
CUST_000711,Small Business,Business,399,39,16,3,0.2180344854046304,Medium
CUST_004274,Mid-Market,Basic,49,64,25,0,0.21802189540130867,Medium
CUST_000902,Mid-Market,Basic,49,65,76,5,0.217963733545111,Medium
CUST_002097,Mid-Market,Enterprise,999,30,52,4,0.21793218675687004,Medium
CUST_004997,Small Business,Basic,49,58,85,5,0.2178621340787025,Medium
CUST_003008,Enterprise,Basic,49,55,40,1,0.2178364818288153,Medium
CUST_004371,Small Business,Enterprise,999,43,8,3,0.2177746482219377,Medium
CUST_003956,Mid-Market,Professional,149,40,85,3,0.21776649448553995,Medium
CUST_000011,Mid-Market,Business,399,33,64,3,0.21751983679822814,Medium
CUST_003756,Small Business,Basic,49,51,23,1,0.21751593379468867,Medium
CUST_000390,Startup,Professional,149,29,3,2,0.2171687826374653,Medium
CUST_000448,Startup,Professional,149,45,-27,0,0.21678685415077065,Medium
CUST_000207,Enterprise,Basic,49,61,70,2,0.21677958072838996,Medium
CUST_001400,Enterprise,Business,399,37,82,1,0.21672853541494155,Medium
CUST_001901,Small Business,Business,399,35,48,2,0.21665482698936023,Medium
CUST_003038,Mid-Market,Professional,149,39,51,2,0.21662571487082247,Medium
CUST_001427,Small Business,Basic,49,64,34,3,0.21661514225507933,Medium
CUST_001353,Small Business,Business,399,54,36,3,0.21646898899261946,Medium
CUST_000002,Startup,Basic,49,55,60,1,0.21630953311808146,Medium
CUST_002287,Startup,Business,399,38,-40,2,0.21626909085464402,Medium
CUST_001962,Enterprise,Basic,49,37,37,3,0.21619541662778294,Medium
CUST_000496,Small Business,Basic,49,48,48,2,0.21611912290238305,Medium
CUST_004101,Small Business,Basic,49,66,33,2,0.216100668621175,Medium
CUST_004910,Small Business,Basic,49,49,72,2,0.21605075278874833,Medium
CUST_000124,Mid-Market,Business,399,62,58,4,0.2157755613223605,Medium
CUST_001230,Small Business,Business,399,37,6,2,0.2157649507168104,Medium
CUST_000784,Startup,Business,399,48,5,2,0.21495667765389848,Medium
CUST_000116,Small Business,Basic,49,61,23,2,0.21486514091243142,Medium
CUST_004384,Small Business,Professional,149,37,-10,1,0.21475058287734072,Medium
CUST_001339,Mid-Market,Professional,149,51,67,1,0.2147204594696986,Medium
CUST_004708,Small Business,Professional,149,47,25,3,0.21458868423497074,Medium
CUST_003255,Startup,Business,399,49,32,3,0.2142154639450509,Medium
CUST_001730,Enterprise,Basic,49,76,60,2,0.21415470039975815,Medium
CUST_002216,Startup,Business,399,15,-13,0,0.21400162742574658,Medium
CUST_003695,Mid-Market,Professional,149,47,63,1,0.21373537413736696,Medium
CUST_003321,Small Business,Professional,149,51,-32,5,0.21362346402982343,Medium
CUST_004140,Small Business,Professional,149,35,15,2,0.21354022444732648,Medium
CUST_002512,Small Business,Professional,149,53,-13,1,0.2134012789318654,Medium
CUST_002841,Small Business,Professional,149,59,-15,0,0.213198774343177,Medium
CUST_000048,Mid-Market,Business,399,64,-7,1,0.2130692813966761,Medium
CUST_003759,Mid-Market,Professional,149,53,20,1,0.2130567281232399,Medium
CUST_002887,Startup,Professional,149,42,-9,3,0.21298020887841757,Medium
CUST_004869,Small Business,Business,399,39,66,2,0.21288375267899604,Medium
CUST_004726,Mid-Market,Professional,149,55,37,0,0.21284520420126282,Medium
CUST_002284,Mid-Market,Enterprise,999,41,30,3,0.2127799916812766,Medium
CUST_000831,Small Business,Enterprise,999,47,70,4,0.21263303378186219,Medium
CUST_000175,Small Business,Basic,49,53,-20,1,0.21209957721846498,Medium
CUST_002016,Startup,Basic,49,46,35,0,0.21198970405062037,Medium
CUST_004801,Enterprise,Professional,149,48,50,1,0.21180092363528114,Medium
CUST_001477,Small Business,Enterprise,999,46,25,0,0.21179161202442703,Medium
CUST_000435,Small Business,Basic,49,43,89,4,0.21161221993386056,Medium
CUST_000449,Startup,Basic,49,54,59,1,0.21155235621665452,Medium
CUST_002052,Startup,Business,399,33,100,1,0.21148160517791523,Medium
CUST_002839,Small Business,Business,399,26,57,1,0.21147177283899868,Medium
CUST_002502,Small Business,Business,399,30,35,2,0.21143800557287684,Medium
CUST_002466,Enterprise,Professional,149,35,36,3,0.2114364036747192,Medium
CUST_004141,Startup,Basic,49,47,69,2,0.21138095245285718,Medium
CUST_002550,Mid-Market,Basic,49,62,17,0,0.21137845474357056,Medium
CUST_003673,Small Business,Basic,49,61,75,3,0.2113439443091689,Medium
CUST_002044,Small Business,Professional,149,48,5,0,0.21111934402770674,Medium
CUST_001883,Mid-Market,Basic,49,66,-17,5,0.21103531623596622,Medium
CUST_003997,Enterprise,Business,399,54,57,0,0.21095907718968074,Medium
CUST_001144,Startup,Basic,49,66,55,5,0.21088633064399462,Medium
CUST_002319,Startup,Basic,49,59,18,2,0.2108106700810252,Medium
CUST_001435,Small Business,Basic,49,46,-54,0,0.2107869344338182,Medium
CUST_004270,Mid-Market,Professional,149,38,90,2,0.21077712712349558,Medium
CUST_001225,Startup,Basic,49,59,29,2,0.2106837933967407,Medium
CUST_003529,Small Business,Basic,49,52,23,1,0.2106835879913011,Medium
CUST_000737,Mid-Market,Basic,49,56,-8,4,0.21030592290208303,Medium
CUST_002187,Mid-Market,Business,399,61,36,1,0.2101115079732048,Medium
CUST_004369,Mid-Market,Business,399,50,12,2,0.20997431764421076,Medium
CUST_001012,Startup,Professional,149,65,41,0,0.20971371543022588,Medium
CUST_002243,Small Business,Enterprise,999,34,58,3,0.20961578652758595,Medium
CUST_002989,Startup,Business,399,69,-5,1,0.20950137058461882,Medium
CUST_004958,Startup,Basic,49,52,-17,3,0.2094487501061367,Medium
CUST_000067,Small Business,Business,399,41,92,1,0.20944808872177667,Medium
CUST_001438,Small Business,Basic,49,61,-18,0,0.2093945309806759,Medium
CUST_003742,Mid-Market,Basic,49,59,5,2,0.20924172308320366,Medium
CUST_004965,Small Business,Professional,149,56,61,1,0.20902591482684477,Medium
CUST_000438,Small Business,Business,399,69,12,2,0.2089868521210841,Medium
CUST_004769,Small Business,Basic,49,85,-53,3,0.20877588890123044,Medium
CUST_004857,Mid-Market,Business,399,54,64,4,0.20869280748248953,Medium
CUST_003009,Small Business,Basic,49,51,39,1,0.20830747483341353,Medium
CUST_004914,Small Business,Professional,149,53,-23,3,0.2082591188779057,Medium
CUST_002445,Small Business,Professional,149,31,-14,1,0.208239962194186,Medium
CUST_002858,Mid-Market,Professional,149,66,92,3,0.20822559534567378,Medium
CUST_004419,Mid-Market,Business,399,46,23,3,0.20776053396469651,Medium
CUST_004045,Small Business,Basic,49,53,8,2,0.20772222129517445,Medium
CUST_003918,Enterprise,Basic,49,45,71,1,0.20741240360233035,Medium
CUST_004725,Startup,Professional,149,51,72,0,0.20717418258425996,Medium
CUST_001003,Startup,Basic,49,65,3,1,0.20698887925210457,Medium
CUST_004900,Small Business,Basic,49,75,60,2,0.2069031881368321,Medium
CUST_002283,Mid-Market,Basic,49,59,5,4,0.20688188298895416,Medium
CUST_003776,Small Business,Business,399,40,15,0,0.2065196813155095,Medium
CUST_000028,Enterprise,Professional,149,60,9,1,0.20648196246768788,Medium
CUST_002669,Startup,Basic,49,35,2,2,0.2063602304805067,Medium
CUST_002919,Small Business,Enterprise,999,16,74,6,0.20612039712908725,Medium
CUST_000412,Startup,Business,399,55,80,1,0.20566190912934856,Medium
CUST_002629,Small Business,Business,399,29,7,3,0.2055348341110296,Medium
CUST_001724,Startup,Basic,49,59,-19,1,0.20543024434920848,Medium
CUST_003330,Mid-Market,Basic,49,66,-7,4,0.2051550538631602,Medium
CUST_001991,Startup,Professional,149,45,82,1,0.20492982210660005,Medium
CUST_002198,Startup,Professional,149,35,9,2,0.20479737881180377,Medium
CUST_001493,Startup,Enterprise,999,48,5,0,0.20473827581777723,Medium
CUST_001374,Mid-Market,Business,399,47,66,3,0.20471588272052152,Medium
CUST_004037,Small Business,Basic,49,66,15,1,0.20441782280460447,Medium
CUST_000089,Small Business,Business,399,49,72,1,0.20404783647532607,Medium
CUST_004621,Startup,Business,399,53,58,2,0.20404783647532607,Medium
CUST_003668,Small Business,Basic,49,52,-65,1,0.20394910508909403,Medium
CUST_003123,Startup,Basic,49,54,37,2,0.20388136333713122,Medium
CUST_002443,Mid-Market,Business,399,58,69,1,0.20374872553838166,Medium
CUST_001277,Startup,Basic,49,41,11,2,0.2033722957785371,Medium
CUST_002172,Startup,Business,399,46,-46,1,0.20319171251670262,Medium
CUST_004831,Startup,Professional,149,47,30,0,0.2031649800006661,Medium
CUST_003267,Small Business,Business,399,62,9,2,0.20316282509462888,Medium
CUST_001858,Mid-Market,Business,399,50,36,4,0.2031490775490978,Medium
CUST_002804,Small Business,Basic,49,58,68,2,0.20312592659823617,Medium
CUST_000037,Startup,Basic,49,65,77,0,0.20305997938955408,Medium
CUST_003031,Mid-Market,Enterprise,999,86,71,4,0.20287419342677543,Medium
CUST_004144,Mid-Market,Basic,49,57,69,1,0.20281336219744872,Medium
CUST_003685,Small Business,Professional,149,52,40,2,0.20277120969472218,Medium
CUST_000567,Mid-Market,Professional,149,63,68,3,0.2024773007720709,Medium
CUST_003469,Enterprise,Professional,149,60,31,1,0.20236745482781535,Medium
CUST_002718,Small Business,Professional,149,44,62,2,0.20236053083920558,Medium
CUST_002009,Startup,Business,399,35,-35,1,0.20226878874084983,Medium
CUST_003539,Mid-Market,Business,399,28,-18,4,0.20194496215284496,Medium
CUST_000619,Small Business,Professional,149,47,63,0,0.2018565862664059,Medium
CUST_002632,Small Business,Basic,49,53,-30,3,0.20184173223733637,Medium
CUST_000862,Startup,Basic,49,33,45,1,0.20182179891972396,Medium
CUST_000085,Startup,Business,399,41,-28,1,0.2017516634579254,Medium
CUST_004194,Mid-Market,Enterprise,999,47,67,0,0.2017225183077366,Medium
CUST_004721,Small Business,Professional,149,60,52,0,0.201707305483651,Medium
CUST_004604,Mid-Market,Basic,49,54,48,2,0.20141232379995844,Medium
CUST_004380,Startup,Professional,149,47,32,3,0.2013072239938249,Medium
CUST_000835,Small Business,Business,399,43,5,2,0.2009731523936838,Medium
CUST_001810,Enterprise,Professional,149,96,-8,3,0.20089934587184963,Medium
CUST_001732,Small Business,Basic,49,60,12,0,0.20066068044388094,Medium
CUST_000853,Startup,Professional,149,49,-57,6,0.20065247373023268,Medium
CUST_004406,Small Business,Professional,149,22,34,0,0.20057705752704477,Medium
CUST_001148,Startup,Business,399,26,74,2,0.20056209720857177,Medium
CUST_004173,Enterprise,Professional,149,46,39,2,0.20053048355691588,Medium
CUST_001247,Small Business,Basic,49,58,40,1,0.20052366132552948,Medium
CUST_004089,Small Business,Basic,49,63,38,1,0.2002799100234658,Medium
CUST_002972,Startup,Basic,49,57,34,0,0.2002799100234658,Medium
CUST_001101,Mid-Market,Professional,149,59,-16,5,0.20024252106432117,Medium
CUST_002675,Small Business,Business,399,48,1,2,0.20023441776030934,Medium
CUST_003604,Small Business,Basic,49,52,19,2,0.19993137468414487,Medium
CUST_004663,Mid-Market,Business,399,71,-1,1,0.19985480222761146,Medium
CUST_001177,Mid-Market,Basic,49,59,37,2,0.19970822666227828,Medium
CUST_000226,Startup,Basic,49,46,3,1,0.19964609589444576,Medium
CUST_004264,Startup,Business,399,59,11,3,0.19955410131048312,Medium
CUST_001777,Small Business,Basic,49,56,-6,1,0.19949320516892952,Medium
CUST_002769,Enterprise,Professional,149,53,100,0,0.1994610343353473,Medium
CUST_002682,Small Business,Basic,49,57,63,1,0.19931487149764596,Medium
CUST_000484,Small Business,Basic,49,45,-44,1,0.19927629091883772,Medium
CUST_000441,Small Business,Business,399,59,18,2,0.19920296101981205,Medium
CUST_003222,Mid-Market,Business,399,54,56,6,0.19913026460070526,Medium
CUST_003527,Mid-Market,Business,399,24,82,0,0.19910949980714132,Medium
CUST_000581,Small Business,Basic,49,66,69,2,0.19897795713917837,Medium
CUST_001048,Small Business,Professional,149,38,55,1,0.1989151307502914,Medium
CUST_004659,Enterprise,Business,399,53,37,2,0.19891014635670062,Medium
CUST_001710,Small Business,Basic,49,57,47,2,0.19883280275586263,Medium
CUST_001522,Mid-Market,Business,399,43,41,0,0.19850540331515337,Medium
CUST_003323,Small Business,Professional,149,66,-27,2,0.19847681664521616,Medium
CUST_004235,Mid-Market,Professional,149,53,10,3,0.19846322286647125,Medium
CUST_004969,Small Business,Professional,149,49,45,4,0.19833333492596814,Medium
CUST_004087,Small Business,Professional,149,47,37,1,0.19808554238278317,Medium
CUST_001456,Small Business,Basic,49,36,-23,5,0.1980062207383884,Medium
CUST_002905,Mid-Market,Basic,49,34,6,1,0.19796779817277743,Medium
CUST_001362,Startup,Professional,149,58,24,1,0.19795240250869867,Medium
CUST_003978,Mid-Market,Business,399,36,15,0,0.1979317793669094,Medium
CUST_002776,Mid-Market,Business,399,23,37,3,0.19781948485197495,Medium
CUST_001317,Enterprise,Business,399,64,51,1,0.19773177629463928,Medium
CUST_004199,Small Business,Professional,149,46,5,2,0.197587448789527,Medium
CUST_003683,Small Business,Business,399,51,14,3,0.19736890270675025,Medium
CUST_002435,Startup,Basic,49,56,51,1,0.19736413716534684,Medium
CUST_001124,Mid-Market,Business,399,59,53,3,0.19720156056312454,Medium
CUST_002511,Startup,Basic,49,63,34,1,0.197004026061124,Medium
CUST_003664,Small Business,Basic,49,56,85,1,0.19685158079077616,Medium
CUST_004325,Small Business,Basic,49,59,4,2,0.19655119332790755,Medium
CUST_002091,Mid-Market,Enterprise,999,43,-48,0,0.1961831566274823,Medium
CUST_003105,Small Business,Enterprise,999,53,40,4,0.1961463028872864,Medium
CUST_002982,Small Business,Professional,149,62,97,1,0.1961261862471008,Medium
CUST_001093,Mid-Market,Basic,49,52,89,1,0.19603986346009944,Medium
CUST_001557,Mid-Market,Basic,49,56,0,1,0.19598371036411802,Medium
CUST_000996,Enterprise,Basic,49,40,56,5,0.1959680530325484,Medium
CUST_003796,Mid-Market,Professional,149,64,64,2,0.1959229503798143,Medium
CUST_003744,Enterprise,Basic,49,54,39,3,0.19588760361510957,Medium
CUST_004407,Startup,Basic,49,32,79,2,0.19585689032885517,Medium
CUST_001334,Small Business,Professional,149,33,-4,5,0.19575647409314664,Medium
CUST_001757,Small Business,Basic,49,51,0,0,0.19557433446472353,Medium
CUST_003369,Mid-Market,Business,399,49,28,2,0.1954023764634684,Medium
CUST_004849,Mid-Market,Basic,49,60,50,2,0.1953156740135194,Medium
CUST_003056,Mid-Market,Business,399,55,23,2,0.19526845125072,Medium
CUST_003721,Startup,Business,399,36,20,2,0.19525445621288295,Medium
CUST_002878,Small Business,Business,399,64,100,4,0.19517642322724998,Medium
CUST_000227,Mid-Market,Business,399,34,-13,2,0.19493276739553894,Medium
CUST_000233,Mid-Market,Basic,49,41,67,3,0.19490498469251313,Medium
CUST_000516,Mid-Market,Business,399,54,7,2,0.19440775664647517,Medium
CUST_001432,Small Business,Business,399,64,37,1,0.19413146718493748,Medium
CUST_003561,Small Business,Enterprise,999,45,58,2,0.1940913255645703,Medium
CUST_003629,Small Business,Business,399,23,0,3,0.19384190434158982,Medium
CUST_004620,Startup,Basic,49,53,64,1,0.1936929706159338,Medium
CUST_002640,Small Business,Enterprise,999,33,3,0,0.1935606006853597,Medium
CUST_003162,Mid-Market,Basic,49,62,74,1,0.1934740540600869,Medium
CUST_000805,Mid-Market,Professional,149,60,37,4,0.1930917395968507,Medium
CUST_002968,Startup,Professional,149,49,87,0,0.19293072444170858,Medium
CUST_004494,Small Business,Professional,149,41,68,2,0.1927998966215365,Medium
CUST_003269,Mid-Market,Professional,149,42,57,0,0.19277337698252223,Medium
CUST_000698,Small Business,Business,399,49,-1,1,0.19271021941452954,Medium
CUST_003585,Startup,Professional,149,45,-4,3,0.19270727118154762,Medium
CUST_004035,Small Business,Enterprise,999,44,0,1,0.1926499633776628,Medium
CUST_003281,Startup,Business,399,35,9,1,0.19264767267322513,Medium
CUST_003855,Startup,Business,399,47,8,0,0.1926202393790633,Medium
CUST_001113,Mid-Market,Business,399,28,-9,5,0.19222053887753754,Medium
CUST_001701,Small Business,Basic,49,57,0,2,0.192212515568852,Medium
CUST_004974,Small Business,Basic,49,66,43,0,0.19215454316721453,Medium
CUST_004911,Startup,Basic,49,66,55,0,0.1921231877045105,Medium
CUST_002510,Small Business,Professional,149,44,53,3,0.1921035143180649,Medium
CUST_003462,Startup,Professional,149,54,-28,3,0.19167563185142278,Medium
CUST_002673,Mid-Market,Basic,49,58,57,2,0.19156920980174874,Medium
CUST_002396,Small Business,Professional,149,65,26,0,0.19148896622721567,Medium
CUST_001650,Small Business,Professional,149,53,29,2,0.19141520115496044,Medium
CUST_000486,Startup,Professional,149,50,42,0,0.19123120407339866,Medium
CUST_000353,Mid-Market,Enterprise,999,40,-41,1,0.19121758904514236,Medium
CUST_001383,Startup,Basic,49,60,53,0,0.19110414320951677,Medium
CUST_003477,Small Business,Basic,49,46,100,3,0.19107683684772545,Medium
CUST_003959,Enterprise,Basic,49,55,74,3,0.1910689520815912,Medium
CUST_003865,Enterprise,Professional,149,30,16,2,0.19102822123408816,Medium
CUST_004308,Small Business,Professional,149,39,6,2,0.19095958966268592,Medium
CUST_000654,Small Business,Basic,49,62,93,2,0.19074575240269082,Medium
CUST_000640,Mid-Market,Business,399,53,-12,6,0.19069291924271864,Medium
CUST_001034,Startup,Enterprise,999,52,-23,1,0.19065620551757792,Medium
CUST_001531,Mid-Market,Professional,149,29,19,3,0.19063769211274129,Medium
CUST_000689,Mid-Market,Business,399,15,18,2,0.19062154295325945,Medium
CUST_004259,Startup,Enterprise,999,66,95,4,0.19054722998872686,Medium
CUST_004714,Startup,Basic,49,61,67,0,0.19052588192537556,Medium
CUST_000975,Enterprise,Basic,49,40,83,1,0.1905028113374933,Medium
CUST_000225,Small Business,Professional,149,39,41,2,0.1904212586312573,Medium
CUST_001228,Startup,Enterprise,999,53,34,3,0.19033611859754523,Medium
CUST_004856,Startup,Basic,49,32,-1,1,0.19026085142858878,Medium
CUST_003606,Mid-Market,Basic,49,51,2,1,0.19013636294244093,Medium
CUST_003436,Small Business,Business,399,49,45,2,0.1898247531205348,Medium
CUST_002988,Mid-Market,Basic,49,56,-4,2,0.18970739506485615,Medium
CUST_004728,Startup,Business,399,45,6,1,0.18970670323593092,Medium
CUST_004068,Enterprise,Basic,49,60,-16,1,0.18967651966150997,Medium
CUST_002459,Small Business,Basic,49,55,12,2,0.1895041327654646,Medium
CUST_000945,Startup,Enterprise,999,37,-4,1,0.18940468608946381,Medium
CUST_002151,Small Business,Enterprise,999,33,20,1,0.1892986218565506,Medium
CUST_000768,Small Business,Basic,49,56,-9,2,0.18926087093266222,Medium
CUST_000905,Startup,Basic,49,64,15,1,0.18924366595294262,Medium
CUST_000690,Mid-Market,Business,399,50,12,1,0.18916796935358515,Medium
CUST_000739,Startup,Basic,49,54,-16,4,0.18912758832338208,Medium
CUST_003467,Startup,Basic,49,58,5,2,0.18903070637649738,Medium
CUST_002089,Startup,Business,399,55,9,1,0.1890084384025278,Medium
CUST_002436,Mid-Market,Enterprise,999,69,-19,1,0.188980601007986,Medium
CUST_000299,Mid-Market,Business,399,38,42,0,0.18894596332728114,Medium
CUST_003512,Small Business,Business,399,56,-18,2,0.18884914341311582,Medium
CUST_004405,Enterprise,Business,399,61,47,2,0.18875695087930616,Medium
CUST_001326,Mid-Market,Professional,149,66,9,3,0.1886844599219384,Medium
CUST_001116,Mid-Market,Professional,149,49,53,4,0.18862779358475454,Medium
CUST_002469,Enterprise,Business,399,61,46,3,0.18836219149457373,Medium
CUST_002963,Small Business,Basic,49,56,0,3,0.18818693712183238,Medium
CUST_004749,Mid-Market,Basic,49,64,78,3,0.18802983300280351,Medium
CUST_001898,Mid-Market,Professional,149,39,-68,2,0.18795512021562755,Medium
CUST_002382,Mid-Market,Business,399,61,32,2,0.18772418865786972,Medium
CUST_001830,Startup,Professional,149,45,43,0,0.1874420367748755,Medium
CUST_000783,Startup,Basic,49,56,55,4,0.18737999469301742,Medium
CUST_000396,Mid-Market,Basic,49,42,3,3,0.18731818060445674,Medium
CUST_004756,Enterprise,Business,399,30,50,4,0.1872046244909336,Medium
CUST_004809,Small Business,Basic,49,58,14,0,0.18716862593248845,Medium
CUST_004526,Mid-Market,Professional,149,53,20,1,0.18705488269973577,Medium
CUST_002691,Startup,Basic,49,63,28,4,0.1870375189464361,Medium
CUST_003553,Small Business,Enterprise,999,56,58,3,0.18702059413879424,Medium
CUST_003541,Small Business,Professional,149,57,75,0,0.1870062324654376,Medium
CUST_001275,Small Business,Basic,49,40,-28,2,0.186652118050351,Medium
CUST_001296,Mid-Market,Enterprise,999,55,48,1,0.18664522638028788,Medium
CUST_001408,Mid-Market,Professional,149,51,34,2,0.18658119571294707,Medium
CUST_000497,Enterprise,Professional,149,35,-16,2,0.18636123317840392,Medium
CUST_002476,Startup,Business,399,55,24,3,0.1861162992302277,Medium
CUST_003410,Small Business,Basic,49,50,76,2,0.18598676415366552,Medium
CUST_001169,Mid-Market,Basic,49,64,-10,6,0.18598459260008646,Medium
CUST_001630,Small Business,Professional,149,41,69,1,0.18588490746145978,Medium
CUST_002461,Mid-Market,Basic,49,51,-2,1,0.18575851243168512,Medium
CUST_002479,Enterprise,Professional,149,58,-3,1,0.18565422890226557,Medium
CUST_000261,Enterprise,Basic,49,61,11,4,0.18561740249861625,Medium
CUST_001494,Startup,Enterprise,999,51,32,3,0.18555301054703768,Medium
CUST_002589,Small Business,Enterprise,999,52,42,2,0.1854270601407469,Medium
CUST_004863,Small Business,Basic,49,63,13,2,0.1853041717564292,Medium
CUST_003396,Small Business,Basic,49,60,14,1,0.18530299538487888,Medium
CUST_000466,Small Business,Enterprise,999,25,65,1,0.18516943929817598,Medium
CUST_000920,Mid-Market,Business,399,65,70,0,0.1851434955653308,Medium
CUST_001145,Mid-Market,Business,399,52,63,2,0.1849067287597579,Medium
CUST_001065,Enterprise,Business,399,56,54,1,0.1846928840761776,Medium
CUST_001109,Small Business,Business,399,24,50,1,0.18462075166123496,Medium
CUST_002067,Mid-Market,Basic,49,38,67,0,0.18448485863695985,Medium
CUST_004102,Startup,Professional,149,43,28,3,0.18447188894957237,Medium
CUST_000732,Mid-Market,Enterprise,999,10,47,8,0.184402631979298,Medium
CUST_004394,Startup,Enterprise,999,59,-52,4,0.18434137293981712,Medium
CUST_001127,Startup,Basic,49,30,17,2,0.18433966894475487,Medium
CUST_001417,Startup,Business,399,75,37,1,0.18418441815158548,Medium
CUST_002657,Mid-Market,Business,399,25,21,1,0.18396538800537868,Medium
CUST_003029,Enterprise,Business,399,62,10,3,0.1837828529025239,Medium
CUST_004671,Mid-Market,Enterprise,999,51,7,2,0.18362087903869104,Medium
CUST_002350,Mid-Market,Professional,149,62,-2,1,0.1836166762669707,Medium
CUST_002071,Small Business,Basic,49,59,21,0,0.18358588216748878,Medium
CUST_003457,Small Business,Business,399,64,54,2,0.1835341443825935,Medium
CUST_002051,Small Business,Business,399,17,16,3,0.18352871637139012,Medium
CUST_003185,Mid-Market,Business,399,66,61,2,0.18350271463523027,Medium
CUST_001964,Startup,Business,399,42,82,3,0.1833799283991519,Medium
CUST_000185,Mid-Market,Professional,149,36,19,1,0.18332688827649865,Medium
CUST_002700,Mid-Market,Business,399,52,27,1,0.18330224809002252,Medium
CUST_003754,Small Business,Professional,149,51,-28,2,0.182957953914417,Medium
CUST_002430,Small Business,Professional,149,45,65,3,0.18285094035668,Medium
CUST_000503,Small Business,Business,399,23,3,0,0.18281248109463466,Medium
CUST_004686,Small Business,Business,399,24,49,2,0.18275005915732248,Medium
CUST_002433,Small Business,Professional,149,20,-37,1,0.18257743073899074,Medium
CUST_004730,Small Business,Basic,49,35,6,1,0.1825519446907052,Medium
CUST_004006,Startup,Basic,49,61,25,2,0.18237579320887398,Medium
CUST_003799,Enterprise,Business,399,77,49,0,0.18232767318271004,Medium
CUST_001176,Mid-Market,Professional,149,56,-20,1,0.18231976216288556,Medium
CUST_002906,Small Business,Professional,149,25,61,2,0.18224416366725002,Medium
CUST_001179,Small Business,Enterprise,999,38,9,2,0.18219934267753557,Medium
CUST_004508,Small Business,Basic,49,66,23,1,0.18211231875153128,Medium
CUST_001191,Small Business,Basic,49,61,10,4,0.18192310140783946,Medium
CUST_002432,Small Business,Basic,49,65,-2,2,0.18188058485377634,Medium
CUST_003069,Small Business,Business,399,31,62,2,0.1815650870284526,Medium
CUST_004423,Small Business,Basic,49,46,-3,0,0.18145788031241952,Medium
CUST_002480,Enterprise,Basic,49,57,65,3,0.18119373047202533,Medium
CUST_004838,Startup,Business,399,66,100,2,0.18100983305504087,Medium
CUST_000360,Small Business,Professional,149,25,39,1,0.18089472680404986,Medium
CUST_000006,Small Business,Basic,49,45,-11,1,0.18085854887670028,Medium
CUST_001057,Mid-Market,Professional,149,29,77,0,0.18085395672489274,Medium
CUST_000170,Small Business,Professional,149,61,27,2,0.1808080631860634,Medium
CUST_002828,Startup,Business,399,70,75,1,0.1806585483938624,Medium
CUST_003187,Small Business,Business,399,22,19,1,0.1806126986157514,Medium
CUST_000391,Startup,Basic,49,46,38,0,0.18040553281003835,Medium
CUST_001875,Mid-Market,Professional,149,53,12,0,0.18037913617649973,Medium
CUST_004698,Small Business,Basic,49,80,-19,2,0.1802757708659063,Medium
CUST_002974,Enterprise,Business,399,24,67,0,0.18026199792157024,Medium
CUST_003047,Small Business,Business,399,57,41,5,0.18025763922489071,Medium
CUST_002129,Startup,Basic,49,47,30,1,0.18016719957520583,Medium
CUST_004952,Small Business,Business,399,65,-35,2,0.1801638676602826,Medium
CUST_002794,Startup,Professional,149,57,42,3,0.18014816145004292,Medium
CUST_000933,Mid-Market,Professional,149,32,33,2,0.1801310303848207,Medium
CUST_002733,Small Business,Basic,49,48,41,3,0.18012777954463238,Medium
CUST_001462,Mid-Market,Professional,149,32,20,3,0.18008154232828896,Medium
CUST_001722,Small Business,Basic,49,74,90,2,0.1800612358695604,Medium
CUST_002506,Mid-Market,Professional,149,46,35,2,0.17981722816473225,Medium
CUST_004025,Mid-Market,Business,399,35,20,4,0.1797266998582175,Medium
CUST_000392,Mid-Market,Business,399,63,14,2,0.17959510998945916,Medium
CUST_000573,Startup,Business,399,34,20,1,0.17943200485621924,Medium
CUST_000841,Startup,Professional,149,66,24,1,0.1792306513883949,Medium
CUST_002777,Small Business,Basic,49,57,100,1,0.17920870279505066,Medium
CUST_001764,Small Business,Basic,49,49,100,2,0.1791995494524392,Medium
CUST_004128,Small Business,Basic,49,59,50,2,0.17919452963431537,Medium
CUST_004307,Startup,Business,399,56,70,2,0.17908288450298188,Medium
CUST_004990,Mid-Market,Professional,149,65,16,3,0.17881798777760527,Medium
CUST_004120,Enterprise,Professional,149,59,-54,2,0.17875563951962334,Medium
CUST_002871,Startup,Business,399,47,53,1,0.17872764462090376,Medium
CUST_002734,Mid-Market,Basic,49,56,38,3,0.17860156045184858,Medium
CUST_003184,Mid-Market,Professional,149,57,62,2,0.17851306541496453,Medium
CUST_000838,Small Business,Business,399,55,11,4,0.17807354896205643,Medium
CUST_001106,Small Business,Basic,49,66,51,3,0.1779323078213291,Medium
CUST_000774,Small Business,Professional,149,34,3,0,0.17784717436999453,Medium
CUST_003000,Enterprise,Basic,49,60,-17,3,0.1778320285392338,Medium
CUST_003777,Mid-Market,Professional,149,37,-39,0,0.17782776066066844,Medium
CUST_000432,Mid-Market,Business,399,57,50,1,0.17782605112213948,Medium
CUST_001759,Startup,Basic,49,56,100,0,0.17776121458522232,Medium
CUST_002394,Small Business,Business,399,31,5,1,0.1777417727213445,Medium
CUST_002006,Small Business,Professional,149,55,56,2,0.17766244517395824,Medium
CUST_003079,Small Business,Basic,49,59,35,5,0.17764184998645208,Medium
CUST_003622,Small Business,Professional,149,63,33,2,0.17761854178735495,Medium
CUST_003607,Startup,Basic,49,85,-46,3,0.1775928246636774,Medium
CUST_001303,Startup,Business,399,39,73,2,0.17737651663303977,Medium
CUST_000375,Startup,Professional,149,54,57,1,0.17730500028439072,Medium
CUST_001621,Small Business,Basic,49,65,85,6,0.17729416828658773,Medium
CUST_001956,Startup,Enterprise,999,47,17,1,0.1771701219951468,Medium
CUST_004469,Startup,Basic,49,51,24,2,0.17716691812156993,Medium
CUST_002820,Mid-Market,Business,399,36,7,2,0.17709410119153804,Medium
CUST_003554,Small Business,Basic,49,49,26,0,0.17702316630848505,Medium
CUST_004219,Small Business,Professional,149,57,36,2,0.17698716853768864,Medium
CUST_003734,Mid-Market,Professional,149,63,63,3,0.1767075209928052,Medium
CUST_000083,Enterprise,Professional,149,40,32,1,0.17659110598104305,Medium
CUST_002686,Small Business,Business,399,59,-13,0,0.17658038022286895,Medium
CUST_001960,Enterprise,Basic,49,39,42,1,0.17626806014943794,Medium
CUST_000789,Mid-Market,Business,399,38,52,2,0.1761995254238235,Medium
CUST_001211,Small Business,Enterprise,999,59,41,1,0.1761906232084305,Medium
CUST_002201,Mid-Market,Business,399,31,14,1,0.17612809126928103,Medium
CUST_003325,Startup,Basic,49,57,62,2,0.1760505678011273,Medium
CUST_004096,Startup,Enterprise,999,51,11,1,0.17600883949488336,Medium
CUST_002943,Small Business,Professional,149,66,33,2,0.17580350238163553,Medium
CUST_000763,Small Business,Professional,149,47,-1,1,0.17572461120011196,Medium
CUST_001637,Small Business,Business,399,50,25,1,0.17568167038271204,Medium
CUST_001754,Startup,Business,399,52,46,3,0.17562854543963982,Medium
CUST_002113,Mid-Market,Business,399,39,38,1,0.1755737659210085,Medium
CUST_001706,Small Business,Professional,149,65,32,2,0.17557334441364716,Medium
CUST_002448,Mid-Market,Professional,149,45,42,1,0.17548273473447196,Medium
CUST_001164,Mid-Market,Professional,149,50,17,2,0.17528372832054495,Medium
CUST_001264,Mid-Market,Professional,149,47,85,3,0.1751865888623234,Medium
CUST_002170,Mid-Market,Business,399,58,20,3,0.17501067604889176,Medium
CUST_001905,Mid-Market,Business,399,55,72,1,0.17489041482544837,Medium
CUST_004634,Mid-Market,Professional,149,52,17,2,0.17461427983521446,Medium
CUST_000666,Startup,Professional,149,65,29,4,0.17460265224906496,Medium
CUST_000366,Small Business,Business,399,50,50,3,0.1745715322175887,Medium
CUST_003013,Small Business,Business,399,51,36,0,0.17447951248964216,Medium
CUST_001670,Mid-Market,Basic,49,53,0,1,0.17430304530945326,Medium
CUST_002345,Mid-Market,Business,399,42,47,3,0.17428766466571474,Medium
CUST_004246,Small Business,Business,399,49,-8,3,0.17420441357813982,Medium
CUST_001511,Startup,Professional,149,62,36,1,0.1741398605696324,Medium
CUST_003828,Small Business,Enterprise,999,55,49,3,0.17403297518428348,Medium
CUST_000035,Small Business,Business,399,47,40,1,0.17402230815655081,Medium
CUST_004791,Startup,Basic,49,64,52,5,0.17377944768123638,Medium
CUST_003196,Enterprise,Enterprise,999,51,-3,2,0.17377022983429394,Medium
CUST_003690,Enterprise,Basic,49,63,62,3,0.17374741198831545,Medium
CUST_000812,Startup,Business,399,81,36,0,0.1736948807527638,Medium
CUST_004934,Enterprise,Basic,49,60,24,1,0.17354928215695983,Medium
CUST_003476,Mid-Market,Basic,49,45,-21,0,0.1735357055819581,Medium
CUST_004436,Mid-Market,Professional,149,64,-28,2,0.17352060892367632,Medium
CUST_002029,Small Business,Business,399,38,-33,2,0.17344286915876422,Medium
CUST_000507,Enterprise,Basic,49,58,-4,3,0.17339545687408595,Medium
CUST_000995,Mid-Market,Basic,49,66,36,1,0.1732104325708187,Medium
CUST_004939,Startup,Enterprise,999,48,60,2,0.17292242616025738,Medium
CUST_000333,Startup,Business,399,62,17,0,0.17291856198203243,Medium
CUST_000468,Startup,Professional,149,34,18,1,0.17272346835143826,Medium
CUST_000121,Enterprise,Basic,49,42,-3,2,0.17222172374507067,Medium
CUST_002457,Mid-Market,Business,399,29,75,4,0.17218835242535815,Medium
CUST_002681,Mid-Market,Business,399,57,10,3,0.1720994664754562,Medium
CUST_001478,Small Business,Professional,149,62,37,3,0.17195110081513956,Medium
CUST_003818,Small Business,Professional,149,61,23,2,0.17194955161489114,Medium
CUST_001822,Enterprise,Professional,149,63,7,2,0.1717812167393051,Medium
CUST_001450,Small Business,Business,399,55,55,2,0.17174317151371207,Medium
CUST_003935,Startup,Basic,49,84,19,2,0.17158188125987647,Medium
CUST_000210,Enterprise,Enterprise,999,85,-7,0,0.17148567903383122,Medium
CUST_002149,Small Business,Basic,49,56,29,2,0.1713429744132927,Medium
CUST_000326,Startup,Basic,49,61,100,4,0.1713119056348411,Medium
CUST_004742,Small Business,Business,399,52,12,1,0.17127303552282794,Medium
CUST_002295,Startup,Business,399,60,-4,0,0.17121015790402155,Medium
CUST_000062,Startup,Basic,49,58,3,1,0.17096567220089232,Medium
CUST_004484,Mid-Market,Professional,149,45,12,3,0.1708769482036179,Medium
CUST_001365,Small Business,Basic,49,66,52,1,0.17085833486532723,Medium
CUST_000018,Enterprise,Professional,149,42,50,2,0.17072418201968195,Medium
CUST_003220,Enterprise,Business,399,34,46,1,0.1706476175970697,Medium
CUST_001242,Small Business,Professional,149,61,-29,2,0.170603221418133,Medium
CUST_002818,Small Business,Professional,149,47,37,0,0.17046341502324602,Medium
CUST_003419,Small Business,Business,399,30,-38,1,0.17039551002798603,Medium
CUST_003621,Small Business,Enterprise,999,42,-11,2,0.17037391958718084,Medium
CUST_001720,Small Business,Professional,149,48,16,1,0.17030789832968918,Medium
CUST_001053,Small Business,Professional,149,49,78,1,0.17024720091619017,Medium
CUST_004751,Small Business,Enterprise,999,63,56,0,0.17010302926398446,Medium
CUST_000004,Startup,Business,399,54,17,3,0.16998548697233998,Medium
CUST_002618,Small Business,Business,399,40,0,4,0.16997318146990767,Medium
CUST_002524,Mid-Market,Professional,149,24,5,2,0.1699637750569193,Medium
CUST_000534,Small Business,Business,399,60,62,2,0.16984939863893314,Medium
CUST_002340,Small Business,Business,399,55,39,4,0.16973977436879312,Medium
CUST_003731,Startup,Business,399,52,27,2,0.16973977436879312,Medium
CUST_000723,Small Business,Business,399,52,35,3,0.16973977436879312,Medium
CUST_003283,Small Business,Professional,149,52,3,1,0.1697246220264408,Medium
CUST_001495,Small Business,Basic,49,66,41,1,0.16963988049394013,Medium
CUST_002387,Startup,Professional,149,29,23,2,0.16939994818808363,Medium
CUST_002921,Mid-Market,Business,399,62,20,1,0.16938794851842084,Medium
CUST_004881,Mid-Market,Professional,149,46,0,2,0.16935459545895248,Medium
CUST_003307,Mid-Market,Business,399,33,63,0,0.16930771781414394,Medium
CUST_004608,Mid-Market,Professional,149,57,42,1,0.16930672060205842,Medium
CUST_003458,Small Business,Professional,149,54,42,1,0.1691314025559862,Medium
CUST_000599,Startup,Business,399,80,15,0,0.16904633966598645,Medium
CUST_003615,Small Business,Basic,49,47,-22,1,0.16903889498128657,Medium
CUST_002844,Small Business,Business,399,48,9,1,0.16900049599204214,Medium
CUST_004640,Small Business,Professional,149,54,28,3,0.16890544486973066,Medium
CUST_002241,Small Business,Business,399,51,44,3,0.16888352289944117,Medium
CUST_000577,Small Business,Enterprise,999,42,8,1,0.16880486361501668,Medium
CUST_003892,Startup,Business,399,48,35,4,0.16879762397975373,Medium
CUST_003210,Startup,Business,399,51,31,1,0.16873064734812754,Medium
CUST_002158,Startup,Business,399,46,26,2,0.16868299008204746,Medium
CUST_002384,Small Business,Basic,49,58,-5,0,0.1686311090625902,Medium
CUST_003261,Mid-Market,Business,399,62,-3,3,0.16862956514301936,Medium
CUST_002330,Startup,Business,399,45,-5,4,0.168598888836753,Medium
CUST_004853,Small Business,Basic,49,48,48,1,0.16845424036082762,Medium
CUST_001954,Mid-Market,Basic,49,78,-19,1,0.1684390930836305,Medium
CUST_001853,Small Business,Basic,49,56,18,2,0.16835549492622875,Medium
CUST_001574,Startup,Basic,49,69,-29,5,0.16829090996317486,Medium
CUST_000250,Enterprise,Enterprise,999,34,53,4,0.1682897977798674,Medium
CUST_004776,Small Business,Business,399,39,99,3,0.16814951140441006,Medium
CUST_001019,Startup,Business,399,61,80,1,0.1679001974822528,Medium
CUST_003257,Mid-Market,Basic,49,78,-71,1,0.1678882402346773,Medium
CUST_004816,Small Business,Basic,49,56,-7,3,0.1678164392062423,Medium
CUST_000393,Small Business,Professional,149,54,-18,1,0.1677415472320197,Medium
CUST_004126,Mid-Market,Professional,149,59,81,1,0.16770386202691076,Medium
CUST_002537,Mid-Market,Business,399,49,92,1,0.1676563208296846,Medium
CUST_002082,Small Business,Basic,49,79,42,1,0.16759425165186997,Medium
CUST_000094,Mid-Market,Enterprise,999,35,0,4,0.1675598040878547,Medium
CUST_000549,Small Business,Enterprise,999,41,51,2,0.16749326732864528,Medium
CUST_000423,Small Business,Basic,49,66,43,2,0.1672777376937704,Medium
CUST_001039,Startup,Basic,49,50,56,1,0.1670918708544934,Medium
CUST_003349,Small Business,Professional,149,50,51,2,0.16703624193724861,Medium
CUST_002419,Mid-Market,Business,399,59,19,2,0.16676656803824266,Medium
CUST_003676,Mid-Market,Business,399,61,28,4,0.16676285666137644,Medium
CUST_002087,Small Business,Professional,149,63,32,3,0.16675037501934623,Medium
CUST_000907,Startup,Professional,149,55,14,1,0.16674288906275134,Medium
CUST_000848,Mid-Market,Professional,149,33,16,1,0.16656358023034057,Medium
CUST_003322,Small Business,Business,399,61,39,0,0.1665557583426908,Medium
CUST_004063,Mid-Market,Enterprise,999,65,35,1,0.16652536546902152,Medium
CUST_003844,Enterprise,Basic,49,50,84,1,0.16644013140687594,Medium
CUST_001070,Startup,Basic,49,63,20,2,0.1661005928365303,Medium
CUST_000928,Mid-Market,Enterprise,999,45,-1,1,0.16596962870796672,Medium
CUST_002492,Startup,Professional,149,61,37,3,0.16587778093744585,Medium
CUST_004296,Small Business,Business,399,52,47,3,0.16587052502045388,Medium
CUST_001606,Startup,Professional,149,57,7,3,0.16578015661016118,Medium
CUST_001828,Startup,Basic,49,59,-36,3,0.16575674984643868,Medium
CUST_004171,Small Business,Professional,149,46,73,2,0.16558549919778975,Medium
CUST_003064,Small Business,Basic,49,55,37,1,0.1655687633716235,Medium
CUST_003120,Mid-Market,Business,399,45,-23,2,0.16552183688995203,Medium
CUST_003719,Mid-Market,Professional,149,50,64,2,0.16543959162631586,Medium
CUST_003745,Mid-Market,Business,399,37,0,3,0.16519705817564714,Medium
CUST_000716,Enterprise,Basic,49,73,18,3,0.16497802301416478,Medium
CUST_004818,Small Business,Business,399,52,-36,5,0.16493294828708596,Medium
CUST_000440,Startup,Basic,49,38,100,2,0.16489195155462982,Medium
CUST_003502,Mid-Market,Business,399,58,-2,2,0.1648307095806812,Medium
CUST_003084,Small Business,Business,399,40,16,2,0.16454485786538559,Medium
CUST_003925,Small Business,Business,399,31,-37,4,0.16446685489396984,Medium
CUST_001105,Startup,Basic,49,62,63,2,0.16443523087443399,Medium
CUST_000109,Mid-Market,Business,399,71,-5,2,0.16426760690714776,Medium
CUST_002931,Mid-Market,Enterprise,999,65,44,0,0.1642248060390595,Medium
CUST_001770,Mid-Market,Business,399,41,-28,0,0.1642140644077992,Medium
CUST_002143,Small Business,Professional,149,65,-19,2,0.16419658808490004,Medium
CUST_002400,Small Business,Professional,149,65,-11,3,0.16410192683979116,Medium
CUST_001289,Small Business,Enterprise,999,62,40,3,0.16387324488713112,Medium
CUST_000046,Mid-Market,Enterprise,999,50,-4,3,0.16379784755777838,Medium
CUST_002205,Small Business,Basic,49,57,49,2,0.1637117716086018,Medium
CUST_003766,Small Business,Enterprise,999,50,-14,2,0.1636419664777131,Medium
CUST_002798,Small Business,Enterprise,999,46,-6,5,0.16343468885109969,Medium
CUST_002112,Small Business,Professional,149,75,-92,1,0.16319688913854186,Medium
CUST_001407,Small Business,Basic,49,62,-72,4,0.162931665218287,Medium
CUST_004459,Mid-Market,Business,399,68,-4,1,0.16288168826478455,Medium
CUST_004753,Startup,Professional,149,55,43,1,0.1628357416866881,Medium
CUST_000381,Small Business,Professional,149,58,27,2,0.16274632865835134,Medium
CUST_002053,Small Business,Basic,49,65,44,1,0.16274409985712124,Medium
CUST_002758,Enterprise,Professional,149,61,-74,6,0.16266835366726864,Medium
CUST_000001,Startup,Basic,49,53,7,2,0.1624988912576595,Medium
CUST_004905,Small Business,Professional,149,50,90,4,0.1624824117972898,Medium
CUST_002962,Mid-Market,Professional,149,58,28,5,0.162469487791017,Medium
CUST_001255,Startup,Business,399,81,6,3,0.16245886759034742,Medium
CUST_003642,Enterprise,Professional,149,39,18,2,0.1623071971371555,Medium
CUST_004771,Small Business,Basic,49,79,30,4,0.1622862062943255,Medium
CUST_000045,Startup,Basic,49,64,16,3,0.16220693311688913,Medium
CUST_004781,Startup,Business,399,61,58,1,0.16217289563376908,Medium
CUST_001067,Startup,Professional,149,60,12,3,0.1621455264080792,Medium
CUST_001476,Mid-Market,Basic,49,56,-49,2,0.1620371693336053,Medium
CUST_001419,Startup,Enterprise,999,55,-4,4,0.1619882636793927,Medium
CUST_003041,Mid-Market,Enterprise,999,47,4,3,0.16193117369559917,Medium
CUST_000481,Startup,Enterprise,999,46,21,4,0.16186044605158736,Medium
CUST_000664,Small Business,Professional,149,49,29,0,0.1617215955047862,Medium
CUST_003704,Mid-Market,Enterprise,999,36,-28,2,0.16172027699403982,Medium
CUST_000097,Startup,Enterprise,999,46,60,3,0.161701557049124,Medium
CUST_002183,Mid-Market,Enterprise,999,52,74,2,0.16167389993050915,Medium
CUST_003916,Small Business,Enterprise,999,32,57,1,0.16141183350807803,Medium
CUST_003164,Small Business,Professional,149,56,48,4,0.16108838264658706,Medium
CUST_001712,Small Business,Professional,149,42,20,4,0.16089081590625504,Medium
CUST_003018,Small Business,Professional,149,58,51,1,0.1608642126912865,Medium
CUST_002806,Mid-Market,Business,399,56,-19,3,0.16083302319624038,Medium
CUST_004220,Small Business,Professional,149,65,-1,3,0.1608065661159704,Medium
CUST_000137,Mid-Market,Professional,149,47,-18,1,0.16077612047411746,Medium
CUST_001588,Small Business,Professional,149,46,25,0,0.16074310457395796,Medium
CUST_003463,Small Business,Enterprise,999,66,100,2,0.16066197727266676,Medium
CUST_001911,Mid-Market,Basic,49,67,2,2,0.1606285121978408,Medium
CUST_000990,Startup,Basic,49,56,29,3,0.16061245248932027,Medium
CUST_001133,Mid-Market,Professional,149,54,2,4,0.16048295541272925,Medium
CUST_001406,Small Business,Professional,149,47,51,2,0.16039959844972504,Medium
CUST_003783,Enterprise,Business,399,51,39,4,0.1602776412754345,Medium
CUST_002269,Startup,Business,399,55,100,2,0.16024240839742568,Medium
CUST_003393,Small Business,Professional,149,47,18,1,0.16015012204853354,Medium
CUST_002928,Mid-Market,Business,399,68,27,0,0.1601358066915876,Medium
CUST_001309,Startup,Business,399,60,21,2,0.1601312583427872,Medium
CUST_002930,Mid-Market,Business,399,46,-57,4,0.16013046426563268,Medium
CUST_000347,Small Business,Business,399,54,22,4,0.159996663860289,Medium
CUST_003781,Small Business,Business,399,51,23,2,0.15986712630699718,Medium
CUST_000309,Small Business,Basic,49,56,19,2,0.1597628090381226,Medium
CUST_000437,Startup,Enterprise,999,21,12,1,0.1597300556679651,Medium
CUST_002880,Startup,Professional,149,65,34,3,0.15961002517931935,Medium
CUST_004070,Startup,Professional,149,26,52,3,0.1595401480024982,Medium
CUST_004603,Mid-Market,Business,399,81,62,2,0.15935702854739825,Medium
CUST_000228,Small Business,Professional,149,48,-26,3,0.15925817950839494,Medium
CUST_004530,Small Business,Professional,149,58,45,1,0.15918463756778675,Medium
CUST_000744,Startup,Enterprise,999,48,-38,5,0.1591822711897481,Medium
CUST_004655,Small Business,Basic,49,50,-3,0,0.1590991887594863,Medium
CUST_004008,Startup,Business,399,63,7,2,0.15905798710987745,Medium
CUST_002385,Mid-Market,Enterprise,999,37,4,4,0.15899605767841624,Medium
CUST_004696,Mid-Market,Professional,149,47,17,1,0.15871688256847094,Medium
CUST_000016,Small Business,Professional,149,44,70,4,0.15856119866232185,Medium
CUST_001072,Small Business,Basic,49,64,-2,1,0.1584984823901414,Medium
CUST_004092,Small Business,Basic,49,66,65,1,0.15848586361077796,Medium
CUST_002437,Small Business,Basic,49,65,43,1,0.15848586361077796,Medium
CUST_003505,Enterprise,Professional,149,57,70,1,0.15840983316348767,Medium
CUST_002234,Mid-Market,Business,399,67,25,0,0.15822927967063852,Medium
CUST_001363,Small Business,Business,399,59,48,2,0.15817661996027152,Medium
CUST_004321,Enterprise,Basic,49,55,31,4,0.15813996982196282,Medium
CUST_004084,Startup,Enterprise,999,59,32,3,0.15807346986510984,Medium
CUST_000751,Mid-Market,Business,399,52,25,4,0.15800286310414804,Medium
CUST_004567,Small Business,Enterprise,999,58,83,3,0.15799411509899594,Medium
CUST_001836,Mid-Market,Business,399,76,-27,1,0.15794493813775073,Medium
CUST_002374,Enterprise,Basic,49,74,-18,4,0.15761896810496562,Medium
CUST_002383,Mid-Market,Business,399,40,100,2,0.15758685803672692,Medium
CUST_000798,Startup,Business,399,81,60,1,0.15754675560784667,Medium
CUST_003610,Small Business,Basic,49,78,-86,3,0.15746143818494246,Medium
CUST_003221,Mid-Market,Basic,49,51,66,2,0.15743829868241163,Medium
CUST_002064,Small Business,Professional,149,70,80,0,0.15730866485278375,Medium
CUST_004727,Startup,Professional,149,53,-12,0,0.15730379795920252,Medium
CUST_001831,Small Business,Professional,149,61,69,3,0.15730079129734037,Medium
CUST_003186,Startup,Professional,149,55,-28,0,0.15726994992564747,Medium
CUST_000886,Small Business,Business,399,65,-25,2,0.1572698812431948,Medium
CUST_000093,Mid-Market,Enterprise,999,57,59,5,0.1572553458676962,Medium
CUST_003214,Mid-Market,Business,399,57,-24,1,0.15723491126837155,Medium
CUST_003071,Small Business,Professional,149,61,37,0,0.15718233542260518,Medium
CUST_003709,Startup,Business,399,63,63,0,0.15711812926687047,Medium
CUST_000336,Small Business,Basic,49,62,31,3,0.15710035929268037,Medium
CUST_000999,Startup,Business,399,54,48,1,0.15708663352567104,Medium
CUST_001352,Mid-Market,Basic,49,67,71,0,0.1570479269198848,Medium
CUST_002738,Small Business,Business,399,65,23,3,0.15695126387242075,Medium
CUST_001594,Startup,Professional,149,47,60,2,0.15693757475114672,Medium
CUST_000684,Small Business,Business,399,42,77,1,0.15693233003912613,Medium
CUST_001050,Startup,Business,399,72,94,3,0.15677534484013567,Medium
CUST_004253,Small Business,Business,399,62,-21,4,0.1567401057819881,Medium
CUST_001938,Small Business,Basic,49,63,20,2,0.15673908181946508,Medium
CUST_000847,Startup,Business,399,48,53,4,0.15670369237500578,Medium
CUST_003577,Small Business,Professional,149,64,44,0,0.15663588979095086,Medium
CUST_001130,Mid-Market,Professional,149,64,13,4,0.15652224726307246,Medium
CUST_000896,Small Business,Business,399,55,-1,4,0.15644277642057686,Medium
CUST_002012,Small Business,Business,399,59,19,2,0.15630667324794287,Medium
CUST_003338,Mid-Market,Basic,49,42,64,2,0.1562473471241406,Medium
CUST_003449,Mid-Market,Professional,149,64,4,2,0.15617328754311358,Medium
CUST_001381,Startup,Professional,149,9,68,3,0.15613827325488927,Medium
CUST_002372,Small Business,Basic,49,61,22,2,0.1561311245911997,Medium
CUST_003355,Small Business,Business,399,59,69,0,0.15599421145488737,Medium
CUST_002535,Small Business,Basic,49,52,100,4,0.15596983918571,Medium
CUST_001934,Small Business,Business,399,66,-9,1,0.15593874848870262,Medium
CUST_000338,Small Business,Enterprise,999,47,-18,1,0.1558580171887185,Medium
CUST_004449,Small Business,Basic,49,72,63,2,0.15578105589769986,Medium
CUST_004414,Small Business,Professional,149,50,30,0,0.155578514700376,Medium
CUST_001286,Small Business,Professional,149,45,10,1,0.1555702599716688,Medium
CUST_001963,Startup,Professional,149,51,-4,0,0.15545572475024663,Medium
CUST_000738,Small Business,Business,399,54,1,1,0.15540824742691353,Medium
CUST_000251,Small Business,Business,399,48,79,4,0.15538651419150246,Medium
CUST_001480,Mid-Market,Professional,149,56,24,2,0.15537908833835584,Medium
CUST_001340,Small Business,Business,399,46,53,2,0.15533253006326314,Medium
CUST_003438,Mid-Market,Professional,149,63,57,2,0.1552101396803378,Medium
CUST_001587,Startup,Basic,49,49,30,1,0.15520927893625588,Medium
CUST_003732,Small Business,Business,399,66,38,1,0.15508788158044348,Medium
CUST_000715,Mid-Market,Basic,49,32,79,0,0.1550734142848022,Medium
CUST_004292,Small Business,Business,399,59,8,4,0.15505630547849072,Medium
CUST_002381,Enterprise,Professional,149,49,68,3,0.15475554782326317,Medium
CUST_003809,Startup,Business,399,48,20,1,0.15472343017476728,Medium
CUST_003333,Enterprise,Business,399,40,27,2,0.1546891509142757,Medium
CUST_000583,Enterprise,Basic,49,75,51,2,0.15462326487294573,Medium
CUST_001331,Small Business,Enterprise,999,67,-49,2,0.1545915161610736,Medium
CUST_004748,Small Business,Business,399,58,56,2,0.1545543691765048,Medium
CUST_000824,Startup,Professional,149,63,64,1,0.15441517407569258,Medium
CUST_000407,Mid-Market,Professional,149,51,71,4,0.15432789303063535,Medium
CUST_001763,Startup,Basic,49,59,32,4,0.1540734500626952,Medium
CUST_004227,Small Business,Professional,149,40,-10,0,0.15406167358502873,Medium
CUST_000875,Mid-Market,Business,399,58,1,1,0.1538013404682549,Medium
CUST_000450,Small Business,Professional,149,65,100,3,0.1537631384112207,Medium
CUST_004996,Mid-Market,Professional,149,54,44,2,0.1537210477961688,Medium
CUST_004000,Startup,Professional,149,60,-11,5,0.15368568168325544,Medium
CUST_001348,Startup,Professional,149,66,10,1,0.15367289592205935,Medium
CUST_000731,Startup,Basic,49,55,60,1,0.15363702073343116,Medium
CUST_001852,Startup,Professional,149,55,35,0,0.15362020274372648,Medium
CUST_000894,Startup,Business,399,60,46,6,0.15355355335039084,Medium
CUST_004267,Mid-Market,Basic,49,62,-5,2,0.15355288013683158,Medium
CUST_003878,Small Business,Business,399,63,34,1,0.15353562124077888,Medium
CUST_004432,Enterprise,Business,399,66,31,3,0.15352622063609833,Medium
CUST_003242,Mid-Market,Professional,149,52,-23,3,0.15350077897220252,Medium
CUST_004561,Mid-Market,Professional,149,58,63,3,0.1532682069287249,Medium
CUST_001786,Small Business,Professional,149,64,34,0,0.15322536809291962,Medium
CUST_000306,Enterprise,Basic,49,52,15,0,0.15320772012366432,Medium
CUST_000126,Small Business,Basic,49,68,60,2,0.15315320115655998,Medium
CUST_003827,Mid-Market,Business,399,28,-33,2,0.153096842989104,Medium
CUST_000523,Mid-Market,Enterprise,999,65,93,2,0.15290505380731106,Medium
CUST_003231,Small Business,Basic,49,64,16,3,0.15286551695611497,Medium
CUST_001052,Startup,Professional,149,54,13,2,0.15284905192339637,Medium
CUST_004669,Enterprise,Business,399,76,8,4,0.15282431068745822,Medium
CUST_003113,Startup,Professional,149,94,-49,1,0.15273379530273443,Medium
CUST_002937,Startup,Basic,49,50,33,1,0.15271151453623982,Medium
CUST_001841,Mid-Market,Professional,149,61,-8,0,0.15251312098682207,Medium
CUST_003362,Enterprise,Basic,49,61,23,1,0.15236960213244108,Medium
CUST_004824,Mid-Market,Basic,49,69,60,5,0.15221790269375662,Medium
CUST_003570,Startup,Business,399,53,45,1,0.15200869014014054,Medium
CUST_001541,Mid-Market,Basic,49,60,64,2,0.15196426404051794,Medium
CUST_002759,Small Business,Professional,149,46,14,4,0.15193538920430794,Medium
CUST_001079,Startup,Professional,149,64,22,5,0.15181263531213324,Medium
CUST_004400,Startup,Professional,149,35,-84,4,0.15181244390362217,Medium
CUST_003278,Mid-Market,Basic,49,49,0,2,0.15172526601141723,Medium
CUST_003005,Mid-Market,Business,399,60,-15,3,0.15172090575706415,Medium
CUST_003370,Small Business,Basic,49,66,-19,1,0.1517073444127625,Medium
CUST_001397,Startup,Basic,49,59,90,1,0.15163375804356113,Medium
CUST_001327,Mid-Market,Enterprise,999,48,-14,2,0.15159070131645216,Medium
CUST_003373,Small Business,Professional,149,46,47,5,0.15155548016919462,Medium
CUST_001527,Startup,Basic,49,57,19,3,0.15150708005568062,Medium
CUST_003343,Small Business,Basic,49,63,25,0,0.15130470729594983,Medium
CUST_000559,Enterprise,Basic,49,53,64,0,0.1512539149047783,Medium
CUST_000533,Small Business,Basic,49,61,15,4,0.15082032819053565,Medium
CUST_000017,Startup,Business,399,66,20,1,0.1507905439529893,Medium
CUST_004931,Small Business,Basic,49,77,45,0,0.15071346169286015,Medium
CUST_002523,Mid-Market,Business,399,63,-4,0,0.15053762068172538,Medium
CUST_004232,Small Business,Business,399,50,-5,1,0.15047077850851662,Medium
CUST_003213,Small Business,Professional,149,25,100,3,0.15037162779223512,Medium
CUST_003555,Enterprise,Basic,49,64,80,0,0.15033181241348012,Medium
CUST_004563,Small Business,Business,399,68,30,2,0.15022250582646432,Medium
CUST_001488,Mid-Market,Professional,149,66,45,2,0.15015873038751737,Medium
CUST_003764,Small Business,Business,399,63,24,3,0.15004650999004743,Medium
