month,arima_forecast,prophet_forecast
2025-01-01,1200001.3173077928,1208209.3921183327
2025-02-01,1219627.0738394808,1226089.8800410219
2025-03-01,1239252.8295950638,1242630.7855305262
2025-04-01,1258878.584574542,1260216.4498577998
2025-05-01,1278504.3387779156,1287035.7296467437
2025-06-01,1298130.0922051843,1307410.593837755
2025-07-01,1317755.8448563484,1329246.6468141275
2025-08-01,1337381.5967314078,1352581.4296930127
2025-09-01,1357007.3478303626,1373404.0029401036
2025-10-01,1376633.0981532128,1394806.3290275445
2025-11-01,1396258.8476999584,1413726.8371164019
2025-12-01,1415884.5964705995,1436170.450055851
