month,amount
2020-01,21878.65
2020-02,42934.0
2020-03,55509.0
2020-04,75856.8
2020-05,104698.22
2020-06,118719.53
2020-07,136785.25
2020-08,152817.37
2020-09,173125.54
2020-10,192940.47
2020-11,204928.68
2020-12,233216.37
2021-01,255877.84
2021-02,272235.86
2021-03,294523.39
2021-04,310300.14
2021-05,341703.64
2021-06,355305.03
2021-07,375001.32
2021-08,392048.98
2021-09,408268.78
2021-10,434149.35
2021-11,454243.19
2021-12,473586.1
2022-01,490545.01
2022-02,507189.26
2022-03,525188.09
2022-04,540437.13
2022-05,560512.79
2022-06,583187.55
2022-07,606922.53
2022-08,629543.52
2022-09,648680.44
2022-10,669862.45
2022-11,686798.44
2022-12,710072.8
2023-01,726967.77
2023-02,750224.92
2023-03,765663.03
2023-04,786189.51
2023-05,799461.26
2023-06,819801.91
2023-07,842184.97
2023-08,861231.12
2023-09,878857.42
2023-10,897699.37
2023-11,915802.25
2023-12,941023.75
2024-01,955136.31
2024-02,967856.84
2024-03,992442.01
2024-04,1003747.63
2024-05,1031482.82
2024-06,1055957.0
2024-07,1075104.1
2024-08,1107552.01
2024-09,1129363.52
2024-10,1143530.18
2024-11,1166920.78
2024-12,1180375.56
